case_id,city,state,latitude,longitude,number_of_victim_fatalities,number_of_victims_injured,total_number_of_victims,date,shooter_age,shooter_sex,shooter_race,type_of_gun,total_number_of_guns,shooter_cause_of_death,place_type,relationship_to_incident_location,targeted_victims,possible_motive,history_of_mental_illness,military_experience
1,Austin,Texas,30.1988873,-97.84415949,16,32,48,1966-08-01,25,Male,White American or European American,Multiple guns,7,Killed,College/University/Adult education,Place of schooling,General public,Mental illness,Yes,Yes
2,Mesa,Arizona,33.42268696,-111.8163202,5,1,6,1966-11-12,18,Male,White American or European American,Handgun,1,Not applicable,College/University/Adult education,None,Students/Classmates/Teacher,Mental illness,Yes,Unknown
3,New Orleans,Louisiana,30.0687242,-89.93147412,9,13,22,1972-12-31,23,Male,Black American or African American,Multiple guns,2,Killed,Government facility,Local government,Government,Race,Yes,Unknown
4,Chicago,Illinois,41.83928045,-87.68818145,1,3,4,1974-01-17,14,Male,Unknown,Handgun,2,Not applicable,Primary school,Place of schooling,Students/Classmates/Teacher,Expulsion/Suspension,Yes,Unknown
5,Olean,New York,42.08185369,-78.43213922,3,7,10,1974-12-30,17,Male,White American or European American,Multiple guns,2,Not applicable,Secondary school,Place of schooling,General public,Mental illness,No,Unknown
6,Los Angeles,California,34.17622092,-118.5399542,1,7,8,1976-02-19,18,Male,White American or European American,Shotgun,1,Not applicable,College/University/Adult education,Place of schooling,Students/Classmates/Teacher,Social dispute,Unknown,Unknown
7,Fullerton,California,33.88404244,-117.92785,7,2,9,1976-07-12,37,Male,White American or European American,Rifle,1,Not applicable,College/University/Adult education,Place of business/employment,Colleague/Workmate/Business acquaintance,Mental illness,Yes,Unknown
8,San Diego,California,32.86357277,-117.1281628,2,9,11,1979-01-29,16,Female,White American or European American,Rifle,1,Not applicable,Primary school,Place of residency,Students/Classmates/Teacher,Mental illness,Yes,Unknown
9,Columbia,South Carolina,34.05098834,-80.82077527,2,5,7,1979-10-06,19,Male,Black American or African American,Handgun,1,Not applicable,College/University/Adult education,Place of schooling,Students/Classmates/Teacher,Unknown,Unknown,Unknown
10,Las Vegas,Nevada,36.18931923,-115.3264875,1,2,3,1982-03-19,17,Male,White American or European American,Handgun,1,Not applicable,Secondary school,Place of schooling,Students/Classmates/Teacher,Multiple motives,Yes,Unknown
11,Miami,Florida,25.79653943,-80.20840397,8,3,11,1982-08-20,51,Male,White American or European American,Shotgun,1,Killed,Retail/Wholesale/Services facility,Place of business/employment,Colleague/Workmate/Business acquaintance,Mental illness,Yes,Unknown
12,Seattle,Washington,47.62199575,-122.323646,13,1,14,1983-02-18,22/24/22,Male,Asian American,Handgun,2,Not applicable,Entertainment venue,Place of recreation,General public,Financial difficulties,Unknown,Unknown
13,Johnston,South Carolina,33.83272887,-81.8051584,1,3,4,1983-08-19,55,Male,White American or European American,Shotgun,1,Not applicable,Government facility,Place of business/employment,Colleague/Workmate/Business acquaintance,Multiple motives,Yes,Unknown
14,Los Angeles,California,34.17622092,-118.5399542,2,12,14,1984-02-24,28,Male,Black American or African American,Multiple guns,3,Suicide,Primary school,Place of residency,Students/Classmates/Teacher,Multiple motives,Yes,Unknown
15,Dallas,Texas,32.79480596,-96.76631094,6,1,7,1984-06-29,39,Male,White American or European American,Handgun,1,Not applicable,Entertainment venue,Place of recreation,Social,Social dispute,Yes,Unknown
16,San Ysidro,California,32.555556,-117.047656,21,19,40,1984-07-18,41,Male,White American or European American,Multiple guns,3,Killed,Restaurant/Cafe?,Place of recreation,General public,Multiple motives,Yes,Unknown
17,Goddard,Kansas,37.67129418,-97.55070476,1,3,4,1985-01-21,14,Male,White American or European American,Multiple guns,2,Not applicable,Primary school,Place of schooling,Students/Classmates/Teacher,Harassment,Yes,Unknown
18,Atlanta,Georgia,33.7629969,-84.4231328,2,1,3,1985-03-06,30,Male,Black American or African American,Handgun,1,Not applicable,Government facility,Place of business/employment,Colleague/Workmate/Business acquaintance,Mental illness,Yes,Unknown
19,Brooklyn,New York,40.679276,-73.939513,1,4,5,1986-08-12,29,Male,Black American or African American,Handgun,2,Not applicable,College/University/Adult education,Place of schooling,Students/Classmates/Teacher,Mental illness,Yes,Unknown
20,Edmond,Oklahoma,35.66889223,-97.41438792,14,6,20,1986-08-20,44,Male,White American or European American,Handgun,3,Suicide,Government facility,Place of business/employment,Colleague/Workmate/Business acquaintance,Multiple motives,Yes,Unknown
21,Lewistown,Montana,47.03740653,-109.4844918,1,3,4,1986-12-04,14,Male,White American or European American,Handgun,1,Not applicable,Secondary school,Place of schooling,Students/Classmates/Teacher,Failure,Yes,Unknown
22,Palm Bay,Florida,27.98388983,-80.66662713,6,14,20,1987-04-23,59,Male,White American or European American,Multiple guns,3,Not applicable,Retail/Wholesale/Services facility,Place of residency,General public,Mental illness,Yes,Unknown
23,Pinellas Park,Florida,27.84887061,-82.71058,1,2,3,1988-02-11,15/16,Male,White American or European American,Multiple guns,2,Not applicable,Secondary school,Place of schooling,Students/Classmates/Teacher,Expulsion/Suspension,No,Unknown
24,Sunnyvale,California,37.38344257,-122.0256185,7,4,11,1988-02-16,39,Male,White American or European American,Multiple guns,7,Not applicable,Company/Factory/Office,Place of business/employment,Colleague/Workmate/Business acquaintance,Rejection,Yes,Unknown
25,Winnetka,Illinois,42.10648807,-87.74211141,1,7,8,1988-05-20,30,Female,White American or European American,Multiple guns,2,Suicide,Primary school,Place of residency,Students/Classmates/Teacher,Mental illness,Yes,Unknown
26,Chicago,Illinois,41.83928045,-87.68818145,4,2,6,1988-09-22,40,Male,Black American or African American,Handgun,1,Killed,Retail/ Wholesale/Services facility,Place of residency,General public,Mental illness,No,Yes
27,Greenwood,South Carolina,34.1928952,-82.15355508,2,9,11,1988-09-26,19,Male,White American or European American,Handgun,1,Not applicable,Primary school,Place of schooling,Students/Classmates/Teacher,Mental illness,Yes,Unknown
28,New Orleans,Louisiana,30.0687242,-89.93147412,0,4,4,1988-12-14,39,Male,Unknown,Shotgun,1,Not applicable,Government facility,Place of business/employment,Colleague/Workmate/Business acquaintance,Rejection,Unknown,Unknown
29,Stockton,California,37.96631812,-121.3018775,5,30,35,1989-01-17,24,Male,White American or European American,Multiple guns,2,Suicide,Primary school,Place of schooling,Students/Classmates/Teacher,Race,Yes,Unknown
30,Escondido,California,33.13439925,-117.0722528,3,1,4,1989-08-10,52,Male,White American or European American,Handgun,1,Suicide,Government facility,Place of business/employment,Colleague/Workmate/Business acquaintance,Unknown,No,Yes
31,Louisville,Kentucky,38.249432,-85.726243,8,12,20,1989-09-14,47,Male,White American or European American,Multiple guns,6,Suicide,Company/Factory/Office,Place of business/employment,Colleague/Workmate/Business acquaintance,Terminated/Denied/Reprimanded,Yes,Unknown
32,Jacksonville,Florida,30.33216122,-81.67576993,11,6,17,1990-06-17,42,Male,Black American or African American,Multiple guns,2,Suicide,Company/Factory/Office,Place of business/employment,General public,Financial dispute,No,Unknown
33,Iowa City,Iowa,41.65589405,-91.53117986,5,1,6,1991-11-01,28,Male,Asian American,Handgun,1,Suicide,College/University/Adult education,Place of schooling,Students/Classmates/Teacher,Failure,No,No
34,Ridgewood,New Jersey,40.98213277,-74.11264731,3,0,3,1991-10-10,35,Male,Black American or African American,Multiple guns,2,Not applicable,Government facility,Place of business/employment,Colleague/Workmate/Business acquaintance,Terminated/Denied/Reprimanded,Yes,Yes
35,Killeen,Texas,31.07925506,-97.73392317,23,20,43,1991-10-16,35,Male,White American or European American,Handgun,2,Suicide,Restaurant/Cafe?,Place of recreation,General public,Unknown,Yes,Yes
36,Royal Oak,Michigan,42.50840203,-83.15387427,4,5,9,1991-11-14,31,Male,White American or European American,Rifle,1,Suicide,Government facility,Place of business/employment,Colleague/Workmate/Business acquaintance,Terminated/Denied/Reprimanded,Yes,Yes
37,Olivehurst,California,39.08174985,-121.5549539,4,10,14,1992-05-01,20,Male,White American or European American,Multiple guns,2,Not applicable,Secondary school,Place of schooling,Students/Classmates/Teacher,Failure,Yes,No
38,Amarillo,Texas,35.18322484,-101.8805688,0,6,6,1992-09-11,17,Male,Unknown,Handgun,1,Not applicable,Secondary school,Place of schooling,Students/Classmates/Teacher,Social dispute,Unknown,Unknown
39,Watkins Glen,New York,42.38013875,-76.86724659,4,0,4,1992-10-15,50,Male,White American or European American,Handgun,1,Suicide,Government facility,Place of business/employment,Government,Financial dispute,No,Yes
40,Great Barrington,Massachusetts,42.19358268,-73.36216339,2,4,6,1992-12-14,18,Male,Asian American,Rifle,1,Not applicable,College/University/Adult education,Place of schooling,Students/Classmates/Teacher,Terminated/Denied/Reprimanded,No,Unknown
41,San Francisco,California,37.75457839,-122.4424343,8,6,14,1993-07-01,55,Male,White American or European American,Handgun,3,Suicide,Company/Factory/Office,Place of business/employment,Colleague/Workmate/Business acquaintance,Financial dispute,No,Unknown
42,Dearborn,Michigan,42.31269522,-83.21293244,1,2,3,1993-05-06,45,Male,Unknown,Multiple guns,2,Suicide,Government facility,Place of business/employment,Colleague/Workmate/Business acquaintance,Multiple motives,Unknown,Unknown
43,Dana Point,California,33.47316083,-117.696399,1,5,6,1993-05-06,38,Male,White American or European American,Handgun,1,Not applicable,Government facility,Place of business/employment,Colleague/Workmate/Business acquaintance,Multiple motives,Yes,Yes
44,Ogden,Utah,41.2281367,-111.9675317,0,3,3,1993-07-08,28,Male,Asian American,Handgun,1,Killed,College/University/Adult education,Place of schooling,Students/Classmates/Teacher,Expulsion/Suspension,No,Unknown
45,Fayetteville,North Carolina,35.07997086,-79.03796125,4,8,12,1993-08-06,22,Male,White American or European American,Multiple guns,3,Not applicable,Restaurant/Cafe?,Place of recreation,General public,Multiple motives,No,Yes
46,Sheridan,Wyoming,44.79051074,-106.9599165,0,4,4,1993-09-17,29,Male,White American or European American,Multiple guns,2,Suicide,Primary school,Place of residency,Students/Classmates/Teacher,Unknown,No,Yes
47,Garden City,New York,40.72662266,-73.644712,6,19,25,1993-12-07,34,Male,Black American or African American,Handgun,1,Not applicable,Public transportation,Place of residency,General public,Race,No,Unknown
48,Aurora,Colorado,39.69892933,-104.7871863,4,1,5,1993-12-14,19,Male,Black American or African American,Handgun,1,Not applicable,Restaurant/Cafe?,Place of business/employment,Colleague/Workmate/Business acquaintance,Terminated/Denied/Reprimanded,Yes,Unknown
49,Chelsea,Michigan,42.31319376,-84.01868108,1,2,3,1993-12-16,39,Male,White American or European American,Handgun,1,Not applicable,Secondary school,Place of business/employment,Students/Classmates/Teacher,Terminated/Denied/Reprimanded,Yes,Unknown
50,Union,Kentucky,38.95130818,-84.67066339,4,0,4,1994-05-26,17,Male,White American or European American,Handgun,1,Not applicable,Residential home/Neighborhood,Place of residency,Family,Terminated/Denied/Reprimanded,No,Unknown
51,Fairchild Air Force Base,Washington,47.618456,-117.644099,4,23,27,1994-06-20,20,Male,White American or European American,Rifle,1,Killed,Military facility,Place of business/employment,Colleague/Workmate/Business acquaintance,Terminated/Denied/Reprimanded,Yes,Yes
52,Wickliffe,Ohio,41.60713735,-81.46902046,1,3,4,1994-11-07,37,Male,White American or European American,Shotgun,1,Not applicable,Primary school,Place of schooling,Students/Classmates/Teacher,Mental illness,Yes,Unknown
53,Chapel Hill,North Carolina,35.92681467,-79.03850407,2,2,4,1995-01-26,26,Male,White American or European American,Rifle,1,Not applicable,Street/Highway,Place of residency,General public,Mental illness,Yes,Unknown
54,Montclair,New Jersey,40.826184,-74.20862,4,1,5,1995-03-21,29,Male,White American or European American,Handgun,1,Not applicable,Government facility,Place of business/employment,Colleague/Workmate/Business acquaintance,Financial difficulties,No,Unknown
55,Corpus Christi,Texas,27.73907518,-97.43073352,5,0,5,1995-04-03,28,Male,Unknown,Handgun,2,Suicide,Company/Factory/Office,Place of business/employment,Colleague/Workmate/Business acquaintance,Terminated/Denied/Reprimanded,No,Unknown
56,Lynnville,Tennessee,35.37810374,-87.00610559,2,1,3,1995-11-15,17,Male,White American or European American,Rifle,1,Not applicable,Secondary school,Place of schooling,Students/Classmates/Teacher,Multiple motives,Yes,Unknown
57,Moses Lake,Washington,47.12189424,-119.2750699,3,1,4,1996-02-02,14,Male,White American or European American,Multiple guns,3,Not applicable,Primary school,Place of schooling,Students/Classmates/Teacher,Multiple motives,Yes,Unknown
58,Fort Lauderdale,Florida,26.11737018,-80.14865708,6,0,6,1996-02-09,41,Male,Black American or African American,Handgun,1,Suicide,Government facility,Place of business/employment,Colleague/Workmate/Business acquaintance,Terminated/Denied/Reprimanded,No,Yes
59,San Diego,California,32.86357277,-117.1281628,3,0,3,1996-08-15,36,Male,White American or European American,Handgun,1,Not applicable,College/University/Adult education,Place of schooling,Students/Classmates/Teacher,Failure,No,Yes
60,Bethel,Alaska,60.79053882,-161.7927517,2,2,4,1997-02-19,16,Male,White American or European American,Shotgun,1,Not applicable,Secondary school,Place of schooling,Students/Classmates/Teacher,Harassment,Yes,Unknown
61,Aiken,South Carolina,33.47524551,-81.72595949,4,3,7,1997-09-15,43,Male,Black American or African American,Handgun,1,Not applicable,Company/Factory/Office,Place of business/employment,Colleague/Workmate/Business acquaintance,Terminated/Denied/Reprimanded,No,Unknown
62,Pearl,Mississippi,32.27492783,-90.09470655,2,7,9,1997-10-01,16,Male,White American or European American,Rifle,1,Not applicable,Secondary school,Place of schooling,Students/Classmates/Teacher,Social dispute,Yes,Unknown
63,West Paducah,Kentucky,37.08506,-88.74422,3,5,8,1997-12-01,14,Male,White American or European American,Multiple guns,3,Not applicable,Secondary school,Place of schooling,Students/Classmates/Teacher,Mental illness,Yes,Unknown
64,Milwaukee,Wisconsin,43.06420322,-87.96724385,1,2,3,1997-12-19,37,Male,Black American or African American,Handgun,1,Suicide,Government facility,Place of business/employment,Colleague/Workmate/Business acquaintance,Multiple motives,No,Yes
65,Orange,California,33.78935598,-117.820412,4,2,6,1997-12-18,41,Male,Some other race,Rifle,1,Killed,Company/Factory/Office,Place of business/employment,Colleague/Workmate/Business acquaintance,Terminated/Denied/Reprimanded,No,Unknown
66,Newington,Connecticut,41.68700845,-72.73083927,4,0,4,1998-03-06,35,Male,White American or European American,Handgun,1,Suicide,Company/Factory/Office,Place of business/employment,Colleague/Workmate/Business acquaintance,Terminated/Denied/Reprimanded,Yes,Unknown
67,Jonesboro,Arkansas,35.82083155,-90.67950058,5,10,15,1998-03-24,13/11,Male,White American or European American,Multiple guns,10,Not applicable,Primary school,Place of schooling,Students/Classmates/Teacher,Rejection,No,Unknown
68,Edinboro,Pennsylvania,41.87617136,-80.12459632,1,3,4,1998-04-24,14,Male,White American or European American,Handgun,1,Not applicable,Restaurant/Cafe?,Place of recreation,Students/Classmates/Teacher,Mental illness,Yes,Unknown
69,Springfield,Oregon,44.05489698,-123.0075562,4,25,29,1998-05-21,15,Male,White American or European American,Multiple guns,3,Not applicable,Secondary school,Place of schooling,Students/Classmates/Teacher,Mental illness,Yes,Unknown
70,Riverside,California,33.93814348,-117.3948409,0,6,6,1998-10-06,48,Male,Black American or African American,Handgun,1,Not applicable,Government facility,Local government,Government,Terminated/Denied/Reprimanded,No,Unknown
71,Littleton,Colorado,39.59358263,-105.0152112,13,24,37,1999-04-20,17/18,Male,White American or European American,Multiple guns,4,Suicide,Secondary school,Place of schooling,Students/Classmates/Teacher,Multiple motives,Yes,Unknown
72,Conyers,Georgia,33.66086267,-84.02688527,0,6,6,1999-05-20,15,Male,White American or European American,Multiple guns,2,Not applicable,Secondary school,Place of schooling,Students/Classmates/Teacher,Rejection,No,Unknown
73,Atlanta,Georgia,33.7629969,-84.4231328,9,12,21,1999-07-29,44,Male,White American or European American,Handgun,4,Suicide,Company/Factory/Office,Place of business/employment,Colleague/Workmate/Business acquaintance,Financial dispute,Yes,Unknown
74,Fort Worth,Texas,32.74802142,-97.31305148,7,7,14,1999-09-15,47,Male,White American or European American,Handgun,2,Suicide,Place of worship,Place of residency,Racial/Religious group,Political/Religious ideals,Yes,Unknown
75,Honolulu,Hawaii,21.309106,-157.844998,7,0,7,1999-11-02,40,Male,Asian American,Handgun,1,Not applicable,Company/Factory/Office,Place of business/employment,Colleague/Workmate/Business acquaintance,Multiple motives,Yes,Unknown
76,Fort Gibson,Oklahoma,35.77669911,-95.25996596,0,4,4,1999-12-06,13,Male,White American or European American,Handgun,1,Not applicable,Primary school,Place of schooling,Students/Classmates/Teacher,Unknown,No,Unknown
77,Tampa,Florida,27.99601861,-82.44503769,5,3,8,1999-12-30,36,Male,Some other race,Handgun,2,Not applicable,Retail/Wholesale/Services facility,Place of business/employment,Colleague/Workmate/Business acquaintance,Unknown,No,Unknown
78,Boston,Massachusetts,42.30904091,-71.10271358,7,0,7,2000-12-26,42,Male,Some other race,Multiple guns,3,Not applicable,Company/Factory/Office,Place of business/employment,Colleague/Workmate/Business acquaintance,Financial dispute,No,Yes
79,Melrose Park,Illinois,41.90289602,-87.8643021,5,4,9,2001-02-05,66,Male,Black American or African American,Multiple guns,4,Suicide,Company/Factory/Office,Place of business/employment,Colleague/Workmate/Business acquaintance,Terminated/Denied/Reprimanded,No,Unknown
80,San Diego,California,32.86357277,-117.1281628,2,13,15,2001-03-05,15,Male,White American or European American,Handgun,1,Not applicable,Secondary school,Place of schooling,Students/Classmates/Teacher,Harassment,No,Unknown
81,Grundy,Virginia,37.27537712,-82.09877234,3,3,6,2002-01-16,43,Male,Black American or African American,Handgun,1,Not applicable,College/University/Adult education,Place of schooling,Students/Classmates/Teacher,Failure,No,Unknown
82,Tucson,Arizona,32.15358905,-110.9677647,3,0,3,2002-10-28,41,Male,Some other race,Handgun,5,Suicide,College/University/Adult education,Place of schooling,Students/Classmates/Teacher,Failure,No,Unknown
83,Cleveland,Ohio,41.47657557,-81.68051502,1,2,3,2003-05-09,62,Male,Asian American,Handgun,2,Not applicable,College/University/Adult education,Place of schooling,Students/Classmates/Teacher,Legal dispute,No,Unknown
84,Meridian,Mississippi,32.38455246,-88.68967949,6,8,14,2003-07-08,48,Male,White American or European American,Multiple guns,2,Suicide,Company/Factory/Office,Place of business/employment,Colleague/Workmate/Business acquaintance,Multiple motives,No,Unknown
85,Chicago,Illinois,41.83928045,-87.68818145,6,0,6,2003-08-27,36,Male,Some other race,Handgun,1,Killed,Company/Factory/Office,Place of business/employment,Colleague/Workmate/Business acquaintance,Terminated/Denied/Reprimanded,No,Unknown
86,Birchwood,Wisconsin,45.65773714,-91.55077175,6,2,8,2004-11-21,36,Male,Asian American,Rifle,1,Not applicable,Park/Wildness,Place of recreation,Social,Social dispute,No,Yes
87,Columbus,Ohio,39.98861445,-82.98904135,4,7,11,2004-12-08,25,Male,White American or European American,Handgun,1,Killed,Entertainment venue,Place of recreation,General public,Multiple motives,Yes,Unknown
88,Brookfield,Wisconsin,43.06396691,-88.12299758,7,4,11,2005-03-12,44,Male,White American or European American,Handgun,1,Suicide,Place of worship,Place of residency,Racial/Religious group,Political/Religious ideals,No,Unknown
89,Red Lake,Minnesota,47.87067289,-95.00529009,9,5,14,2005-03-21,16,Male,Native American or Alaska Native,Multiple guns,3,Suicide,Secondary school,Place of schooling,Students/Classmates/Teacher,Expulsion/Suspension,Yes,Unknown
90,Goleta,California,34.43606107,-119.8593619,7,0,7,2006-01-30,44,Female,White American or European American,Handgun,1,Suicide,Government facility,Place of business/employment,Colleague/Workmate/Business acquaintance,Mental illness,Yes,Unknown
91,Seattle,Washington,47.62199575,-122.323646,6,2,8,2006-03-25,28,Male,White American or European American,Multiple guns,2,Suicide,Residential home/Neighborhood,Place of recreation,General public,Multiple motives,No,Unknown
92,Essex Junction,Vermont,44.49022039,-73.11400628,2,2,4,2006-08-24,26,Male,Black American or African American,Handgun,1,Not applicable,Residential home/Neighborhood,Place of residency,Romantic partner,Domestic dispute,Yes,Unknown
93,Hillsborough,North Carolina,36.04099857,-79.09701201,1,2,3,2006-08-30,18,Male,Some other race,Multiple guns,2,Not applicable,Secondary school,Place of schooling,Students/Classmates/Teacher,Mental illness,Yes,Unknown
94,Pittsburgh,Pennsylvania,40.43948548,-79.97631581,0,5,5,2006-09-17,18,Male,Black American or African American,Handgun,2,Not applicable,College/University/Adult education,Place of recreation,Students/Classmates/Teacher,Social dispute,Unknown,Unknown
95,Lancaster,Pennsylvania,40.04214385,-76.30100872,5,5,10,2006-10-02,32,Male,White American or European American,Multiple guns,3,Suicide,Primary school,None,Students/Classmates/Teacher,Multiple motives,Unknown,Unknown
96,Salt Lake City,Utah,40.77787404,-111.9312168,5,4,9,2007-02-12,18,Male,White American or European American,Multiple guns,2,Killed,Retail/ Wholesale/Services facility,Place of recreation,General public,Political/Religious ideals,Unknown,Unknown
97,Gresham,Oregon,45.50216511,-122.4412759,0,10,10,2007-04-10,15,Male,Some other race,Rifle,1,Not applicable,Secondary school,Place of schooling,Students/Classmates/Teacher,Multiple motives,No,Unknown
98,Blacksburg,Virginia,37.22995471,-80.42768677,32,17,49,2007-04-16,23,Male,Asian American,Handgun,2,Suicide,College/University/Adult education,Place of schooling,Students/Classmates/Teacher,Mental illness,Yes,Unknown
99,Crandon,Wisconsin,45.56871416,-88.89729022,6,1,7,2007-10-07,20,Male,White American or European American,Rifle,1,Suicide,Residential home/Neighborhood,Place of recreation,Social,Social dispute,No,Unknown
100,Cleveland,Ohio,41.47657557,-81.68051502,0,4,4,2007-10-11,14,Male,White American or European American,Handgun,2,Suicide,Secondary school,Place of schooling,Students/Classmates/Teacher,Expulsion/Suspension,Yes,Unknown
101,Saginaw,Michigan,43.41929117,-83.95032759,0,4,4,2007-10-25,15,Male,Black American or African American,Rifle,1,Not applicable,Primary school,Place of residency,Students/Classmates/Teacher,Social dispute,No,Unknown
102,Omaha,Nebraska,41.265922,-96.05381421,8,4,12,2007-12-05,19,Male,White American or European American,Rifle,1,Suicide,Retail/Wholesale/Services facility,Place of residency,General public,Mental illness,Yes,Unknown
103,Arvada,Colorado,39.81087474,-105.173715,4,5,9,2007-12-09,24,Male,White American or European American,Multiple guns,3,Suicide,Place of worship,Place of residency,Racial/Religious group,Political/Religious ideals,No,Unknown
104,Las Vegas,Nevada,36.18931923,-115.3264875,0,6,6,2007-12-11,18,Male,Black American or African American,Handgun,2,Not applicable,Street/Highway,Place of schooling,Students/Classmates/Teacher,Social dispute,No,Unknown
105,Carnation,Washington,47.64628742,-121.9088524,6,0,6,2007-12-24,29,Male/Female,White American or European American,Handgun,2,Not applicable,Residential home/Neighborhood,Place of residency,Family,Financial dispute,No,Unknown
106,Kirkwood,Missouri,38.57889169,-90.42023754,5,2,7,2008-02-07,52,Male,Black American or African American,Handgun,2,Killed,Government facility,Place of business/employment,Government,Legal dispute,No,Unknown
107,DeKalb,Illinois,41.93172129,-88.74814853,5,17,22,2008-02-14,27,Male,White American or European American,Multiple guns,4,Suicide,College/University/Adult education,Place of schooling,Students/Classmates/Teacher,Mental illness,Yes,Unknown
108,Henderson,Kentucky,37.84040411,-87.57853755,6,1,7,2008-06-25,25,Male,White American or European American,Handgun,1,Suicide,Company/Factory/Office,Place of business/employment,Colleague/Workmate/Business acquaintance,Terminated/Denied/Reprimanded,No,Unknown
109,Phoenix,Arizona,33.57145875,-112.0904854,0,3,3,2008-07-24,24,Male,Black American or African American,Handgun,1,Not applicable,College/University/Adult education,Place of schooling,Students/Classmates/Teacher,Harassment,No,Unknown
110,Conway,Arkansas,35.08130744,-92.43278275,2,1,3,2008-10-26,19/19/20/20,Male,Black American or African American,Handgun,1,Not applicable,College/University/Adult education,Place of residency,Students/Classmates/Teacher,Unknown,No,Unknown
111,Covina,California,34.09026669,-117.8819958,9,2,11,2008-12-24,45,Male,White American or European American,Handgun,4,Suicide,Residential home/Neighborhood,Place of residency,Family,Multiple motives,No,Unknown
112,Geneva,Alabama,31.04367594,-85.8763466,10,6,16,2009-03-10,28,Male,White American or European American,Multiple guns,4,Suicide,Residential home/Neighborhood ,Place of residency,Family,Legal dispute,No,Unknown
113,Santa Clara,California,37.36463172,-121.9679315,5,1,6,2009-03-29,42,Male,Asian American,Handgun,2,Suicide,Residential home/Neighborhood,Place of residency,Family,Domestic dispute,No,Unknown
114,Carthage,North Carolina,35.33985609,-79.41381725,8,2,10,2009-03-29,45,Male,White American or European American,Multiple guns,3,Not applicable,Medical/Care,Place of business/employment,Romantic partner,Multiple motives,Yes,Unknown
115,Binghamton,New York,42.10140103,-75.90922294,13,4,17,2009-04-03,41,Male,Asian American,Handgun,2,Suicide,College/University/Adult education,Place of schooling,Students/Classmates/Teacher,Mental illness,Yes,Unknown
116,Fort Hood,Texas,31.13814354,-97.77797804,13,32,45,2009-11-05,39,Male,White American or European American,Handgun,3,Not applicable,Military facility,Place of business/employment,Colleague/Workmate/Business acquaintance,Political/Religious ideals,Yes,Yes
117,Lakewood,Washington,47.16267579,-122.5296574,4,0,4,2009-11-29,37,Male,Black American or African American,Handgun,2,Killed,Restaurant/Cafe?,None,Government,Mental illness,Yes,Unknown
118,Huntsville,Alabama,34.72827538,-86.6723055,3,3,6,2010-02-12,44,Female,White American or European American,Handgun,1,Not applicable,College/University/Adult education,Place of business/employment,Colleague/Workmate/Business acquaintance,Terminated/Denied/Reprimanded,No,Unknown
119,Manchester,Connecticut,41.78013821,-72.51918655,8,2,10,2010-08-03,34,Male,Black American or African American,Handgun,2,Suicide,Company/Factory/Office,Place of business/employment,Colleague/Workmate/Business acquaintance,Terminated/Denied/Reprimanded,Unknown,Unknown
120,Tucson,Arizona,32.15358905,-110.9677647,6,13,19,2011-01-08,22,Male,White American or European American,Handgun,1,Not applicable,Retail/Wholesale/Services facility,None,Government,Multiple motives,Yes,Unknown
121,Youngstown,Ohio,41.09933958,-80.64631705,1,11,12,2011-02-06,19/22/19,Male,Black American or African American,Handgun,3,Not applicable,College/University/Adult education,Place of recreation,Social,Social dispute,Unknown,Unknown
122,Opelika,Alabama,32.66240106,-85.37706931,1,3,4,2011-04-06,34,Male,White American or European American,Handgun,1,Not applicable,College/University/Adult education,Place of schooling,Romantic partner,Domestic dispute,Yes,Unknown
123,Grand Rapids,Michigan,42.96920434,-85.66008902,7,2,9,2011-07-07,34,Male,Black American or African American,Handgun,1,Suicide,Residential home/Neighborhood,Place of residency,Romantic partner,Domestic dispute,Yes,Unknown
124,Carson City,Nevada,39.16464203,-119.7763025,4,7,11,2011-09-06,32,Male,Some other race,Rifle,1,Suicide,Restaurant/Cafe?,None,General public,Mental illness,Yes,Unknown
125,Seal Beach,California,33.75432632,-118.0715378,8,1,9,2011-10-12,41,Male,White American or European American,Handgun,3,Not applicable,Retail/Wholesale/Services facility,Place of business/employment,Romantic partner,Domestic dispute,Yes,Unknown
126,Norcross,Georgia,33.94104379,-84.20985979,4,0,4,2012-02-22,59,Male,Asian American,Handgun,1,Suicide,Retail/Wholesale/Services facility,Place of business/employment,Family,Financial dispute,Yes,Unknown
127,Chardon,Ohio,41.58025541,-81.20812625,3,3,6,2012-02-27,17,Male,White American or European American,Handgun,1,Not applicable,Secondary school,Place of schooling,Students/Classmates/Teacher,Unknown,Yes,Unknown
128,Oakland,California,37.79176806,-122.2153171,7,3,10,2012-04-02,43,Male,Asian American,Handgun,1,Not applicable,College/University/Adult education,Place of schooling,Students/Classmates/Teacher,Multiple motives,Yes,Unknown
129,Tulsa,Oklahoma,36.13543238,-95.91316117,3,2,5,2012-04-06,19/32,Male,White American or European American,Unknown,1,Not applicable,Street/Highway,None,Racial/Religious group,Race,No,Unknown
130,Seattle,Washington,47.62199575,-122.323646,5,1,6,2012-05-30,40,Male,White American or European American,Handgun,2,Suicide,Retail/Wholesale/Services facility,Place of business/employment,General public,Multiple motives,Yes,Yes
131,Auburn,Alabama,32.60598014,-85.48989253,3,3,6,2012-06-09,22,Male,Black American or African American,Handgun,1,Not applicable,Residential home/Neighborhood,Place of recreation,Social,Social dispute,Unknown,Unknown
132,Denver,Colorado,39.72941874,-104.9825207,12,58,70,2012-07-20,24,Male,White American or European American,Multiple guns,4,Not applicable,Entertainment venue,Place of recreation,General public,Multiple motives,Yes,Unknown
133,Oak Creek,Wisconsin,42.88027442,-87.90087079,6,4,10,2012-08-05,40,Male,White American or European American,Handgun,1,Suicide,Place of worship,None,Racial/Religious group,Multiple motives,No,Yes
134,Minneapolis,Minnesota,44.96358722,-93.26783687,6,2,8,2012-09-27,36,Male,White American or European American,Handgun,1,Suicide,Company/Factory/Office,Place of business/employment,Colleague/Workmate/Business acquaintance,Terminated/Denied/Reprimanded,Yes,Unknown
135,Miami,Florida,25.79653943,-80.20840397,0,15,15,2012-09-28,17,Male,Black American or African American,Handgun,2,Not applicable,Entertainment venue,Place of recreation,Students/Classmates/Teacher,Social dispute,Unknown,Unknown
136,Brookfield,Wisconsin,43.06396691,-88.12299758,3,4,7,2012-10-21,45,Male,Black American or African American,Handgun,1,Suicide,Retail/Wholesale/Services facility,Place of business/employment,Romantic partner,Domestic dispute,No,Yes
137,Happy Valley,Oregon,45.44853107,-122.5440133,2,1,3,2012-12-11,22,Male,Some other race,Rifle,1,Suicide,Retail/Wholesale/Services facility,Place of recreation,General public,Unknown,No,Unknown
138,Newtown,Connecticut,41.41190846,-73.31196267,27,2,29,2012-12-14,20,Male,White American or European American,Multiple guns,3,Suicide,Primary school,Place of schooling,Students/Classmates/Teacher,Unknown,Yes,Unknown
139,Albuquerque,New Mexico,35.15290522,-106.7791378,5,0,5,2013-01-19,15,Male,Some other race,Multiple guns,4,Not applicable,Residential home/Neighborhood,Place of residency,Family,Mental illness,Yes,Unknown
140,Phoenix,Arizona,33.57145875,-112.0904854,2,1,3,2013-01-30,70,Male,White American or European American,Multiple guns,3,Suicide,Company/Factory/Office,Place of business/employment,Colleague/Workmate/Business acquaintance,Legal dispute,Unknown,Unknown
141,Irvine,California,33.67803464,-117.773628,4,2,7,2013-02-03,33,Male,Black American or African American,Multiple guns,7,Not applicable,Residential home/Neighborhood,Place of business/employment,Colleague/Workmate/Business acquaintance,Terminated/Denied/Reprimanded,Yes,Yes
142,Ladera Ranch,California,33.54961059,-117.6415707,3,3,6,2013-02-19,20,Male,White American or European American,Shotgun,1,Suicide,Street/Highway,Place of residency,General public,Unknown,Yes,Unknown
143,Federal Way,Washington,47.30909721,-122.3357553,4,0,4,2013-04-21,27,Male,Black American or African American,Multiple guns,2,Killed,Residential home/Neighborhood,Place of residency,Romantic partner,Domestic dispute,Unknown,Unknown
144,Manchester,Illinois,39.54231335,-90.33029852,6,1,7,2013-04-24,43,Male,White American or European American,Multiple guns,2,Killed,Residential home/Neighborhood,Place of residency,Romantic partner,Domestic dispute,Unknown,Unknown
145,Santa Monica,California,34.02319149,-118.4815644,5,3,8,2013-06-07,23,Male,White American or European American,Multiple guns,2,Killed,Residential home/Neighborhood,Place of residency,Family,Mental illness,Yes,Unknown
146,Hialeah,Florida,25.85294547,-80.28316975,6,0,6,2013-07-26,42,Male,Some other race,Handgun,1,Killed,Residential home/Neighborhood,Place of residency,General public,Multiple motives,No,Unknown
147,Salisbury,Pennsylvania,39.75344279,-79.08435956,3,3,6,2013-08-05,59,Male,White American or European American,Multiple guns,2,Not applicable,Government facility,Local government,Government,Legal dispute,No,Unknown
148,Oklahoma City,Oklahoma,35.46779189,-97.5191631,4,0,4,2013-08-14,40,Male,White American or European American,Handgun,1,Not applicable,Residential home/Neighborhood,Place of residency,Family,Mental illness,Yes,Unknown
149,Washington,District of Columbia,38.90480894,-77.01629717,12,3,15,2013-09-16,34,Male,Black American or African American,Multiple guns,2,Killed,Military facility,Place of business/employment,Colleague/Workmate/Business acquaintance,Mental illness,Yes,Yes
150,Sparks,Nevada,39.54058388,-119.748291,1,2,3,2013-10-21,12,Male,Some other race,Handgun,1,Suicide,Primary school,Place of schooling,Students/Classmates/Teacher,Harassment,Unknown,Unknown
151,Spokane,Washington,47.67367375,-117.4159843,1,4,5,1971-11-11,21,Male,White American or European American,Rifle,1,Killed,Place of worship,None,General public,Political/Religious ideals,Yes,Unknown
152,Phoenix,Arizona,33.57145875,-112.0904854,9,0,9,1991-08-09,16/17,Male,Asian American/Some other race,Multiple guns,2,Not applicable,Place of worship,Place of residency,Racial/Religious group,Financial difficulties,No,Yes
153,Tyler,Texas,32.3154272,-95.30501087,2,4,6,2005-02-24,43,Male,Some other race,Rifle,1,Killed,Government facility,Local government,Family,Domestic dispute,Unknown,Unknown
154,Mohawk,New York,43.0104011,-75.0075119,4,2,6,2013-03-13,64,Male,White American or European American,Shotgun,1,Killed,Retail/Wholesale/Services facility,Place of residency,Colleague/Workmate/Business acquaintance,Financial dispute,No,Unknown
155,Los Angeles,California,34.17622092,-118.5399542,1,3,4,2013-11-01,23,Male,White American or European American,Rifle,1,Not applicable,Public transportation,None,Government,Political/Religious ideals,No,Unknown
156,Dallas,Texas,32.79480596,-96.76631094,4,4,8,2013-08-07,44,Male,Black American or African American,Handgun,1,Not applicable,Residential home/Neighborhood,Place of residency,Romantic partner,Domestic dispute,Unknown,Yes
156,Montgomery,Alabama,32.34729571,-86.26730242,3,5,8,2013-12-28,25,Male,Black American or African American,Handgun,2,Not applicable,Entertainment venue,Place of recreation,Social,Social dispute,No,Unknown
157,San Francisco,California,37.75457839,-122.4424343,0,8,8,2014-03-23,24/25,Male,Black American or African American,Handgun,1,Not applicable,Street/Highway,Place of recreation,General public,Social dispute,No,Unknown
158,Killeen,Texas,31.07925506,-97.73392317,3,16,19,2014-04-02,34,Male,Some other race,Handgun,1,Suicide,Military facility,Place of business/employment,Government,Mental illness,Yes,Yes
159,Kennesaw,Georgia,34.02529674,-84.61766831,0,6,6,2014-04-29,19,Male,White American or European American,Shotgun,1,Suicide,Company/Factory/Office,Place of business/employment,Colleague/Workmate/Business acquaintance,Unknown,No,Unknown
160,Isla Vista,California,34.4145857,-119.8581209,3,7,10,2014-05-23,22,Male,White American or European American,Handgun,3,Suicide,Residential home/Neighborhood,Place of residency,Social,Multiple motives,Yes,Unknown
161,Seattle,Washington,47.62199575,-122.323646,1,2,3,2014-06-05,26,Male,Some other race,Shotgun,1,Not applicable,College/University/Adult education,None,Students/Classmates/Teacher,Mental illness,Yes,Unknown
162,Las Vegas,Nevada,36.18931923,-115.3264875,3,0,3,2014-06-08,31/22,Male/Female,White American or European American,Multiple guns,2,Killed/Suicide,Retail/Wholesale/Services facility,None,Government,Political/Religious ideals,No,Unknown
163,New Orleans,Louisiana,30.0687242,-89.93147412,1,9,10,2014-06-29,20,Male,Two or more races,Handgun,2,Not applicable,Street/Highway,Place of recreation,Unknown,Social dispute,No,Unknown
164,Albuquerque,New Mexico,35.15290522,-106.7791378,1,3,4,2014-08-08,46,Male,Some other race,Handgun,1,Suicide,Retail/Wholesale/Services facility,None,Social,Social dispute,No,Unknown
165,Marysville,Washington,48.04802409,-122.1359622,4,1,5,2014-10-24,15,Male,Native American or Alaska Native,Handgun,1,Suicide,Secondary school,Place of schooling,Students/Classmates/Teacher,Rejection,No,Unknown
166,Tallahassee,Florida,30.4549394,-84.25264151,0,3,3,2014-11-19,31,Male,Black American or African American,Handgun,1,Killed,College/University/Adult education,Place of schooling,General public,Mental illness,Yes,Unknown
167,Alturas,California,41.4911123,-120.549091,4,2,6,2014-02-20,44,Female,Native American or Alaska Native,Handgun,1,Not applicable,Government facility,Local government,Family,Legal dispute,No,Unknown
168,Brookline,Massachusetts,42.32427392,-71.14080012,2,5,7,1994-12-30,22,Male,White American or European American,Rifle,1,Not applicable,Medical/Care,None,General public,Political/Religious ideals,Yes,Unknown
168,Birmingham,Alabama,33.5282865,-86.79550448,5,0,5,2012-01-29,17/16/16,Male,Black American or African American,Handgun,3,Not applicable,Residential home/Neighborhood,None,General public,Unknown,No,Unknown
169,"Pennsburg, Souderton, Lansdale, Harleysville",Pennsylvania,40.39359306,-75.49640881,6,1,7,2014-12-15,35,Male,White American or European American,Handgun,2,Suicide,Residential home/Neighborhood,Place of residency,Family,Multiple motives,Yes,Yes
170,Memphis,Tennessee,35.10528976,-89.97734924,0,5,5,2015-01-01,32/24,Male,Black American or African American,Unknown,2,Not applicable,Public transportation,None,General public,Social dispute,No,Unknown
173,Moscow,Idaho,46.73059479,-116.9990042,3,1,4,2015-01-10,29,Male,Asian American,Handgun,1,Not applicable,Residential home/Neighborhood,Place of residency,Family/Social,Unknown,No,Unknown
177,New York City,New York,40.68996411,-73.8720502,3,1,4,2015-01-24,34,Male,Black American or African American,Handgun,1,Suicide,Residential home/Neighborhood,Place of residency,Family,Domestic dispute,No,Unknown
178,LaGrange,Georgia,33.03607062,-85.0287065,5,0,5,2015-01-28,26,Male,White American or European American,Handgun,1,Not applicable,Residential home/Neighborhood,Place of residency,Family,Unknown,No,Unknown
180,Omaha,Nebraska,41.265922,-96.05381421,3,5,8,2015-01-24,32,Male,Black American or African American,Unknown,2,Not applicable,Street/Highway,Unknown,Unknown,Unknown,No,Unknown
181,Chapel Hill,North Carolina,35.92681467,-79.03850407,3,0,3,2015-02-10,46,Male,White American or European American,Handgun,1,Not applicable,Residential home/Neighborhood,Place of residency,Racial/Religious group,Multiple motives,No,Unknown
182,Monroeville,Pennsylvania,40.4257455,-79.76092565,0,3,3,2015-02-07,17,Male,Black American or African American,Handgun,1,Not applicable,Retail/Wholesale/Services facility,Place of recreation,Social,Social dispute,No,Unknown
183,New Port Richey,Florida,28.24653304,-82.71690259,3,1,4,2015-02-09,26/38,Male/Female,White American or European American/Some other Race,Unknown,2,Not applicable,Residential home/Neighborhood,Unknown,Unknown,Drug use,No,Unknown
184,Tyrone,Missouri,37.204442,-91.876583,7,1,8,2015-02-26,36,Male,White American or European American,Handgun,1,Suicide,Residential home/Neighborhood,Place of residency,Family/Social,Unknown,No,Unknown
185,Morgantown,West Virginia,39.63400851,-79.94839325,4,0,4,2014-12-01,39,Male,White American or European American,Handgun,1,Suicide,Residential home/Neighborhood,Place of residency,Social,Social dispute,No,Unknown
186,Douglasville,Georgia,33.71059292,-84.71564276,4,2,6,2015-02-07,33,Male,Black American or African American,Handgun,1,Suicide,Residential home/Neighborhood,Place of residency,Family,Financial dispute,No,Unknown
187,Syracuse,New York,43.04093416,-76.14376763,0,6,6,2015-02-01,22,Male,Black American or African American,Handgun,1,Not applicable,Entertainment venue,Place of recreation,Social,Rejection,No,Unknown
188,Clarkesville,Georgia,34.61025711,-83.52918091,2,2,4,2015-02-22,41,Male,White American or European American,Handgun,1,Killed,Residential home/Neighborhood,Place of residency,Family,Domestic dispute,No,Yes
189,Killeen,Texas,31.07925506,-97.73392317,3,1,4,2015-02-22,30,Male,Black American or African American,Unknown,0,Suicide,Residential home/Neighborhood,Place of residency,Family,Domestic dispute,No,Yes
190,Charlotte,North Carolina,35.226354,-80.836788,3,0,3,2015-02-24,19,Male,Some other race,Unknown,0,Not applicable,Residential home/Neighborhood,Place of residency,Social,Drug use,No,Unknown
191,Birmingham,Alabama,33.5282865,-86.79550448,1,2,3,2015-02-27,17/19,Male,Black American or African American,Handgun,2,Not applicable,Park/Wildness,Place of recreation,Social,Social dispute,No,Unknown
192,Tarboro,North Carolina,35.90434471,-77.55639964,3,0,3,2015-02-28,40,Male,Black American or African American,Unknown,1,Killed,Retail/Wholesale/Services facility,Place of business/employment,Social,Unknown,Yes,Unknown
194,Brookhaven,Mississippi,31.58036482,-90.44323475,2,3,5,2015-03-13,32,Male,Black American or African American,Handgun,1,Not applicable,Residential home/Neighborhood,Place of residency,Social,Social dispute,Unknown,Unknown
195,Cottonwood,Alabama,31.0549687,-85.30100084,2,1,3,2015-03-15,45,Male,White American or European American,Rifle,1,Suicide,Residential home/Neighborhood,Place of residency,Family,Domestic dispute,No,Unknown
196,Mesa,Arizona,33.42268696,-111.8163202,1,5,6,2015-03-18,41,Male,White American or European American,Unknown,0,Not applicable,Residential home/Neighborhood,Place of residency,Social,Drug use/Financial difficulties,No,Unknown
197,Little Water,New Mexico,36.44329,-108.723281,1,2,3,2015-03-19,24,Male,Unknown,Rifle,1,Killed,Street/Highway,None,Government,Domestic dispute,Unknown,Unknown
198,Panama City Beach,Florida,30.22540212,-85.87371301,0,7,7,2015-03-28,22,Male,Black American or African American,Handgun,1,Not applicable,Residential home/Neighborhood,Place of recreation,General public,Social dispute,No,Unknown
199,Tulsa,Oklahoma,36.13543238,-95.91316117,3,0,3,2015-03-30,42,Male,Asian American,Handgun,1,Suicide,Residential home/Neighborhood,Place of residency,Family,Unknown,Unknown,Unknown
200,Daytona Beach,Florida,29.19313443,-81.10173014,0,4,4,2015-04-03,23,Male,Black American or African American,Handgun,1,Not applicable,Residential home/Neighborhood,Place of recreation,Students/Classmates/Teacher,Rejection,No,Unknown
201,Indianapolis,Indiana,39.77725479,-86.14635359,0,5,5,2015-04-05,2 more,Male,Unknown,Unknown,0,Not applicable,Residential home/Neighborhood,Place of residency,Social,Drug use/Financial difficulties,No,Unknown
202,Rome,Georgia,34.26779152,-85.18822422,1,3,4,2015-04-07,28,Male,Black American or African American,Handgun,1,Not applicable,Residential home/Neighborhood,Place of residency,General public,Financial difficulties,No,Unknown
203,Phoenix,Arizona,33.57145875,-112.0904854,4,0,4,2015-04-16,50,Male,Some other race,Handgun,1,Suicide,Residential home/Neighborhood,Place of residency,Family,Domestic dispute,Unknown,Unknown
204,Killeen,Texas,31.07925506,-97.73392317,2,3,5,2015-04-21,35,Male,Black American or African American,Unknown,0,Not applicable,Residential home/Neighborhood,Place of residency,Social,Unknown,Unknown,Unknown
205,Gates,New York,43.15693027,-77.69300856,1,6,7,2015-04-25,31,Male,Black American or African American,Handgun,1,Not applicable,Restaurant/Cafe?,Place of recreation,Social,Unknown,Unknown,Unknown
207,Milwaukee,Wisconsin,43.06420322,-87.96724385,2,3,5,2015-05-01,24,Male,Unknown,Unknown,0,Not applicable,Residential home/Neighborhood,Place of residency,Family,Domestic dispute,No,Unknown
208,Menasha,Wisconsin,44.20455909,-88.4484585,3,1,4,2015-05-03,27,Male,Unknown,Handgun,2,Suicide,Park/Wildness,Place of recreation,General public,Domestic dispute,Yes,Yes
210,Tucson,Arizona,32.15358905,-110.9677647,4,0,4,2015-05-12,25,Male,Unknown,Unknown,1,Suicide,Residential home/Neighborhood,Place of residency,Family,Mental illness,Yes,Unknown
211,Decatur,Illinois,39.85566372,-88.93346458,1,4,5,2015-05-25,18,Male,Black American or African American,Unknown,0,Not applicable,Entertainment venue,Place of recreation,Social/General public,Unknown,Unknown,Unknown
212,Cleveland,Ohio,41.47657557,-81.68051502,2,1,3,2015-05-31,30,Male,Unknown,Handgun,1,Suicide,Residential home/Neighborhood,Place of residency,"Romantic partner, and her family",Domestic dispute,Unknown,Unknown
213,Conyers,Georgia,33.66086267,-84.02688527,2,2,4,2015-05-31,36,Male,White American or European American,Multiple guns,2,Killed,Retail/Wholesale/Services facility,Place of business/employment,Family/General public,Unknown,Unknown,Unknown
214,Deer Lodge,Montana,46.39761858,-112.7329333,4,0,4,2015-06-07,59,Male,White American or European American,Handgun,1,Suicide,Residential home/Neighborhood,Place of residency,Family,Domestic dispute,Unknown,Unknown
215,Charleston,South Carolina,32.8129729,-79.96693995,9,0,9,2015-06-17,21,Male,White American or European American,Handgun,1,Not applicable,Place of worship,None,Racial/Religious group,Race,Unknown,Unknown
216,Morven,North Carolina,34.86379864,-79.9996781,0,4,4,2015-06-20,22/42,Male,Black American or African American/Unknown,Multiple guns,0,Not applicable,Entertainment venue,Place of recreation,General public,Unknown,Unknown,Unknown
218,Newark,New Jersey,40.73169648,-74.18417699,1,3,4,2015-05-10,19/16,Male,Black American or African American,Unknown,0,Not applicable,Street/Highway,Place of recreation,General public,Social dispute,Unknown,Unknown
219,Miami Gardens,Florida,25.94326707,-80.24253243,0,4,4,2015-06-16,21,Male,Black American or African American,Unknown,1,Not applicable,Residential home/Neighborhood,Place of recreation,Social,Social dispute,Unknown,Unknown
221,River Forest,Illinois,41.89499946,-87.81941392,1,3,4,2015-07-12,24,Male,Unknown,Shotgun,1,Killed,Residential home/Neighborhood,Place of residency,Family/Government,Unknown,Unknown,Unknown
222,Chattanooga,Tennessee,35.09318123,-85.23676751,4,3,7,2015-07-16,24,Male,White American or European American,Multiple guns,2,Killed,Military facility,None,Government,Unknown,Yes,Unknown
223,Suwanee,Georgia,34.05057545,-84.06872262,3,1,4,2015-07-22,32,Male,White American or European American,Unknown,1,Suicide,Residential home/Neighborhood,Place of residency,Family,Domestic dispute,Unknown,Unknown
224,Lafayette,Louisiana,30.21233538,-92.0316453,2,9,11,2015-07-23,59,Male,White American or European American,Handgun,1,Suicide,Entertainment venue,Place of recreation,General public,Gender,Yes,Unknown
225,Houston,Texas,29.79705548,-95.36763856,8,0,8,2015-08-08,48,Male,Black American or African American,Handgun,1,Not applicable,Residential home/Neighborhood,Place of residency,Former domestic partner and her family,Domestic dispute,Unknown,Unknown
226,Rochester,New York,43.1696837,-77.614337,3,4,7,2015-08-19,21,Male,Black American or African American,Rifle,1,Not applicable,Street/Highway,Place of recreation,General public,Unknown,Unknown,Unknown
227,Roanoke,Virginia,37.27823366,-79.95816104,2,1,3,2015-08-26,41,Male,Black American or African American,Handgun,1,Suicide,Retail/Wholesale/Services facility,Place of business/employment,Colleague/Workmate/Business acquaintance,Multiple motives,Unknown,Unknown
228,Bristol,Tennessee,36.55605824,-82.21429551,3,1,4,2015-08-29,19,Male,White American or European American,Rifle,1,Not applicable,Residential home/Neighborhood,Place of residency,Family,Unknown,Unknown,Yes
229,Clearbrook,Minnesota,47.69618799,-95.42844094,4,0,4,2015-09-10,45,Male,White American or European American,Shotgun,1,Suicide,Residential home/Neighborhood,Residential home/Neighborhood,Family,Multiple motives,Yes,Unknown
230,Platte,South Dakota,43.38682722,-98.84357239,5,0,5,2015-09-17,41,Male,White American or European American,Shotgun,1,Suicide,Residential home/Neighborhood,Residential home/Neighborhood,Family,Financial difficulties,Unknown,Unknown
231,Roseburg,Oregon,43.22205555,-123.3522367,9,7,16,2015-10-01,26,Male,Two or more races,Multiple guns,6,Suicide,College/University/Adult education,Place of schooling,Students/Classmates/Teacher,Unknown,Unknown,Yes
232,Flagstaff,Arizona,35.1725658,-111.6585435,1,3,4,2015-10-09,18,Male,White American or European American,Handgun,1,Not applicable,College/University/Adult education,Place of schooling,Students/Classmates/Teacher,Unknown,Unknown,Unknown
233,King,North Carolina,36.27617912,-80.35501402,3,0,3,2015-02-04,35,Male,White American or European American,Handgun,1,Suicide,Residential home/Neighborhood,Place of residency,Family,Domestic dispute,Unknown,Unknown
234,Greenville,Georgia,33.02912644,-84.7143335,0,10,10,2015-09-27,22,Male,Black American or African American,Multiple guns,2,Not applicable,Entertainment venue,Place of recreation,Social,Financial dispute,Unknown,Unknown
235,Township of Colerain,Ohio,39.253268,-84.599655,2,1,3,2015-10-21,21,Male,White American or European American,Handgun,1,Not applicable,Residential home/Neighborhood,Place of residency,Family,Domestic dispute,Unknown,Unknown
236,Colorado Springs,Colorado,38.86730659,-104.7572279,3,0,3,2015-10-31,33,Male,White American or European American,Multiple guns,3,Killed,Street/Highway,None,General public,Unknown,Unknown,Unknown
237,Oakland,Maine,44.54994725,-69.70782299,3,0,3,2015-11-04,42,Male,Unknown,Handgun,1,Suicide,Residential home/Neighborhood,Place of residency,Romantic partner and Family,Unknown,Unknown,Unknown
238,Inglis,Florida,29.03270634,-82.65919302,2,1,3,2015-10-01,57,Male,White American or European American,Unknown,2,Suicide,Residential home/Neighborhood,Place of residency,Family,Terminated/Denied/Reprimanded,Unknown,Unknown
239,Waycross,Georgia,31.21094544,-82.35793452,1,2,3,2015-11-07,30,Male,Black American or African American,Unknown,0,Not applicable,Residential home/Neighborhood,Place of residency,Romantic partner and Family,Unknown,Yes,Yes
240,Jacksonville,Florida,30.33216122,-81.67576993,3,1,4,2015-11-13,28,Male,Black American or African American,Unknown,1,Suicide,Residential home/Neighborhood,Place of residency,Family,Domestic dispute,Unknown,Yes
241,Tennessee Colony,Texas,31.8076,-95.8069,6,0,6,2015-11-15,33,Male,White American or European American,Unknown,1,Not applicable,Park/Wildness,Place of recreation,None,Unknown,Unknown,Unknown
242,Columbus,Ohio,39.98861445,-82.98904135,3,1,4,2015-11-23,50,Male,White American or European American,Handgun,1,Killed,Residential home/Neighborhood,Place of residency,Social,Unknown,Unknown,Unknown
243,Minneapolis,Minnesota,44.96358722,-93.26783687,0,5,5,2015-11-23,26,Male,White American or European American,Unknown,0,Not applicable,Street/Highway,None,Racial/Religious group,Race,Unknown,Unknown
244,Colorado Springs,Colorado,38.86730659,-104.7572279,3,9,12,2015-11-27,57,Male,White American or European American,Rifle,1,Not applicable,Medical/Care,None,General public,Political/Religious ideals,Unknown,Unknown
245,San Bernardino,California,34.13973446,-117.2942444,14,21,35,2015-12-02,28,Male/Female,Asian American,Multiple guns,4,Killed,Medical/Care,Place of recreation,Colleague/Workmate/Business acquaintance,Political/Religious ideals,Unknown,Unknown
246,Omaha,Nebraska,41.3138,-96.0814,2,3,5,2015-12-06,23,Male,Black American or African American,Unknown,1,Not applicable,Residential home/Neighborhood,Place of residency,Romantic partner,Unknown,Unknown,Unknown
247,Chesapeake,Virginia,36.7921,-76.3293,5,0,5,2016-01-27,26,Male,White American or European American,Handgun,1,Suicide,Residential home/Neighborhood,Place of residency,Family,Unknown,Yes,Unknown
248,Orlando,Florida,28.4541,-81.4646,2,10,12,2016-02-07,23,Male,Some other race,Handgun,1,Not applicable,Entertainment venue,Place of recreation,General public,Social dispute,Unknown,Unknown
249,Iuka,Mississippi,34.7404,-88.1383,1,3,4,2016-02-20,45,Male,White American or European American,Rifle,1,Killed,Residential home/Neighborhood,Place of residency,Government,Domestic dispute,Unknown,Unknown
250,Kalamazoo,Michigan,42.2354,-85.676,6,2,8,2016-02-20,45,Male,White American or European American,Handgun,1,Not applicable,"Residential home/Neighborhood,Retail/ Wholesale/Services facility",None,General public,Unknown,Unknown,Unknown
251,Glendale,Arizona,33.5927,-112.163,4,0,4,2016-02-23,26,Male,Two or more races,Unknown,1,Not applicable,Residential home/Neighborhood,Place of residency,Family,Unknown,Yes,Unknown
252,Hesston,Kansas,38.1368,-97.4268,3,14,17,2016-02-25,38,Male,Black American or African American,Multiple guns,2,Not applicable,Company/Factory/Office,Place of business/employment,Colleague/Workmate/Business acquaintance,Unknown,Unknown,Unknown
253,Belfair,Washington,47.5033,-122.931,4,0,4,2016-02-26,51,Male,White American or European American,Handgun,1,Suicide,Residential home/Neighborhood,Place of residency,Family,Unknown,Unknown,Unknown
254,Woodbridge,Virginia,38.6697,-77.3524,2,2,4,2016-02-27,32,Male,Black American or African American,Rifle,1,Not applicable,Residential home/Neighborhood,Place of residency,"Family, Government",Domestic dispute,Unknown,Yes
255,Chelsea,Massachusetts,42.391764,-71.032828,1,6,7,2016-03-06,16,Male,Unknown,Unknown,1,Not applicable,Residential home/Neighborhood,Place of recreation,Unknown,Unknown,Unknown,Unknown
256,Kansas City,Kansas,39.114053,-94.627464,5,0,5,2016-03-07,40,Male,Some other race,Rifle,1,Not applicable,Residential home/Neighborhood,Place of residency,Social,Unknown,Unknown,Unknown
257,Pittsburgh,Pennsylvania,40.440625,-79.995886,6,3,9,2016-03-09,Unknown,Male,Unknown,Multiple guns,2,Not applicable,Residential home/Neighborhood,Place of recreation,Unknown,Unknown,Unknown,Unknown
258,Plantation,Florida,26.127586,-80.233104,1,4,5,2016-03-19,Unknown,Unknown,Unknown,Unknown,0,Not applicable,Residential home/Neighborhood,Place of recreation,Unknown,Unknown,Unknown,Unknown
259,Louisville,Kentucky,38.252665,-85.758456,3,0,3,2016-03-20,33,Male,White American or European American,Unknown,0,Suicide,Residential home/Neighborhood,Place of residency,Family,Unknown,Unknown,Yes
260,Sherman,Texas,33.635662,-96.60888,3,0,3,2016-03-21,36,Male,Unknown,Unknown,0,Suicide,Residential home/Neighborhood,Place of residency,Family,Unknown,Unknown,Unknown
261,Lawrenceburg,Tennessee,35.242302,-87.334739,1,2,3,2016-03-25,49,Male,Unknown,Shotgun,1,Suicide,Residential home/Neighborhood,Place of residency,Family,Unknown,Unknown,Unknown
262,Louisburg,North Carolina,36.099039,-78.301106,3,0,3,2016-03-26,Unknown,Male,Black American or African American,Unknown,0,Not applicable,Residential home/Neighborhood,Place of residency,Unknown,Unknown,Unknown,Unknown
263,Richmond,Virginia,37.540725,-77.436048,1,2,3,2016-03-31,34,Male,Black American or African American,Handgun,1,Killed,Public transportation,None,Government,Unknown,Unknown,Unknown
264,Lakeland,Florida,28.039465,-81.949804,3,1,4,2016-01-06,35/26,Male,Black American or African American,Unknown,0,Not Applicable,Residential home/Neighborhood,Place of business/employment,Unknown,Drug use,Unknown,Unknown
265,Memphis,Tennessee,35.149534,-90.04898,1,3,4,2016-01-07,Unknown,Unknown,Unknown,Unknown,0,Not Applicable,Street/Highway,None,Unknown,Unknown,Unknown,Unknown
266,Wilmington,Delaware,39.739072,-75.539788,0,4,5,2016-01-11,20/21,Male,Black American or African American,Unknown,0,Killed,Residential home/Neighborhood,Unknown,,Robbery,Unknown,Unknown
267,Ware Neck,Virginia,37.40264,-76.458559,1,3,4,2016-01-17,18,Male,Black American or African American,Unknown,0,Not Applicable,Residential home/Neighborhood,Place of residency,Social,Unknown,Unknown,Unknown
268,Crestview,Florida,30.754181,-86.572799,3,0,3,2016-01-23,22,Male,White American or European American,Unknown,0,Not applicable,Residential home/Neighborhood,Place of residency,Family,Multiple motives,Unknown,No
269,Los Angeles,California,34.052234,-118.243685,2,2,4,2016-01-23,Unknown,Unknown,Unknown,Rifle,0,Not applicable,Street/Highway,Unknown,Unknown,Unknown,Unknown,Unknown
270,Perris,California,33.782519,-117.228648,1,4,5,2016-01-25,Unknown,Male,Unknown,Unknown,0,Not applicable,Restaurant/Cafe,Unknown,Unknown,Unknown,Unknown,Unknown
271,Chesapeake,Virginia,36.768209,-76.287493,5,0,5,2016-01-27,26,Male,White American or European American,handgun,1,Suicide,Residential home/Neighborhood,Place of Residency,Family,Unknown,Unknown,Unknown
272,Caroline,Virginia,38.044556,-77.286488,1,2,3,2016-01-29,42,Male,Unknown,Unknown,0,Suicide,Residential home/Neighborhood,Place of Residency,Family,Domestic Dispute,Unknown,Unknown
273,Glendale,Arizona,33.538652,-112.185987,3,5,8,2016-01-30,Unknown,Male,Unknown,Unknown,0,Not applicable,Residential home/Neighborhood,,Social,Social Dispute,Unknown,Unknown
274,New Orleans,Louisiana,29.951066,-90.071532,0,3,3,2016-01-31,30,Male,Black American or African American,Unknown,1,Not Applicable,Street/Highway,None,Unknown,Social Dispute,Unknown,Unknown
275,Tampa,Florida,27.950575,-82.457178,2,6,8,2016-02-06,Unknown,Unknown,Unknown,Unknown,0,Not Applicable,Entertainment Venue,Unknown,Unknown,Social Dispute,Unknown,Unknown
276,Los Angeles,California,34.052234,-118.243685,1,3,4,2016-02-06,Unknown,Unknown,Unknown,Unknown,0,Not Applicable,Street/Highway,Unknown,Unknown,Unknown,Unknown,Unknown
277,Uvalde,Texas,29.209684,-99.786168,3,0,3,2016-02-06,19,Male,White American or European American,Unknown,0,Suicide,Residential home/Neighborhood,Place of Residency,Family,Unknown,Unknown,Unknown
278,Rochester ,New York,43.16103,-77.610922,1,7,8,2016-02-07,Unknown,Unknown,Unknown,Unknown,0,Not Applicable,Entertainment Venue,Unknown,Unknown,Social Dispute,Unknown,Unknown
279,Muskegon Heights,Michigan,43.201126,-86.238946,0,3,3,2016-02-09,21,Male,Black American or African American,Handgun,1,Not Applicable,Secondary School,Unknown,Unknown,Social Dispute,Unknown,Unknown
280,Vallejo,California,38.104086,-122.256637,2,2,4,2016-02-19,Unknown,Unknown,Unknown,Unknown,0,Not Applicable,Street/Highway,Unknown,Unknown,Unknown,Unknown,
281,Tampa,Florida,27.950575,-82.457178,1,3,4,2016-02-20,Unknown,Unknown,Unknown,Unknown,0,Not Applicable,Entertainment Venue,Unknown,Unknown,Social Dispute,Unknown,Unknown
282,Kalamazoo ,Michigan,42.291707,-85.587229,6,2,8,2016-02-20,45,Male,White American or European American,Multiple Guns,2,Not Applicable,Street/Highway,None,General Public,Unknown,No,Unknown
283,Hazelwood,Missouri,38.77144,-90.370949,1,3,4,2016-02-21,"20,20,21,24",Male,Black American or African American,Unknown,0,Not Applicable,Street/Highway,Unknown,Romantic Partner,Social Dispute,Unknown,Unknown
284,Houston,Texas,29.760427,-95.369803,0,5,5,2016-02-21,Unknown,Unknown,Unknown,Unknown,0,Not Applicable,Street/Highway,Unknown,General Public,Unknown,Unknown,Unknown
285,Phoenix,Arizona,33.448377,-112.074037,4,0,4,2016-02-23,26,Male,White American or European American,Unknown,1,Killed,Residential home/Neighborhood,Place of residency,Family,Unknown,Unknown,Unknown
286,Belfair,Washington,47.451459,-122.826946,4,0,4,2016-02-25,51,Male,White American or European American,Handgun,1,Suicide,Residential home/Neighborhood,Place of residency,Family,Unknown,Unknown,Unknown
287,Detroit,Michigan,42.331427,-83.045754,0,5,5,2016-02-28,Unknown,Male,Black American or African American,Handgun,1,Not Applicable,Entertainment Venue,Unknown,Unknown,Social dispute,Unknown,Unknown
288,Jurupa Valley,California,33.997197,-117.48548,1,3,4,2016-02-28,24,Male,Some other race,Unknown,1,Not Applicable,Restaurant/cafe,Unknown,Unknown,Unknown,Unknown,Unknown
289,Wichita,Kansas,37.687176,-97.330053,0,4,4,2016-03-05,Unknown,Unknown,Unknown,Unknown,0,Not Applicable,Entertainment Venue,Unknown,Unknown,Unknown,Unknown,Unknown
290,Chelsea,Massachusetts,42.391764,-71.032828,1,6,7,2016-03-06,16,Male,Some other race,Unknown,1,Not Applicable,Residential home/Neighborhood,Unknown,Social,Unknown,Unknown,Unknown
291,Roswell,Georgia,34.023243,-84.361556,0,4,4,2016-03-06,39,Male,Black American or African American,Unknown,1,Not Applicable,Entertainment Venue,Unknown,General Public,,Unknown,
292,Lafayette,Louisiana,30.22409,-92.019843,0,4,4,2016-03-07,Unknown,Unknown,Unknown,Unknown,0,Not Applicable,Street/Highway,Unknown,Unknown,Unknown,Unknown,Unknown
293,Kansas City,Kansas,39.114053,-94.627464,4,0,4,2016-03-07,40,Male,Some other race,Rifle,1,Not Applicable,Residential home/Neighborhood,Place of Residency,General Public,Unknown,Unknown,Unknown
294,Wilkinsburg,Pennsylvania,40.441736,-79.881994,5,3,8,2016-03-09,Unknown,Male,Unknown,Multiple Guns,2,Not Applicable,Residential home/Neighborhood,Unknown,Unknown,Unknown,Unknown,Unknown
295,Trenton,New Jersey,40.217053,-74.742938,0,5,5,2016-03-11,Unknown,Unknown,Unknown,Handgun,1,Not Applicable,Street/Highway,Unknown,General Public,Unknown,Unknown,Unknown
296,Detroit,Michigan,42.331427,-83.045754,2,2,4,2016-03-11,Unknown,Unknown,Unknown,Multiple Guns,2,Not Applicable,Residential home/Neighborhood,Unknown,Unknown,Unknown,Unknown,Unknown
297,Elberton,Georgia,34.111223,-82.867084,1,2,3,2016-03-12,49,Male,Unknown,Unknown,0,Suicide,Residential home/Neighborhood,Place of residency,Romantic Partner,Domestic Dispute,Unknown,
298,Fort Myers,Florida,26.640628,-81.872308,0,4,4,2016-03-13,Unknown,Unknown,Unknown,Unknown,0,Not Applicable,Park/Wilderness,Unknown,Unknown,Unknown,Unknown,Unknown
299,Atlanta,Georgia,33.748995,-84.387982,0,4,4,2016-03-15,Unknown,Unknown,Unknown,Multiple Guns,0,Not Applicable,Entertainment Venue,Unknown,General Public,Social dispute,Unknown,Unknown
300,Wetumpka,Alabama,32.543745,-86.211913,2,2,4,2016-03-19,32,Male,Black American or African American,Handgun,1,Not Applicable,Street/Highway,Unknown,Family,Unknown,Unknown,
301,Plantation,Florida,26.127586,-80.233104,1,4,5,2016-03-19,Unknown,Unknown,Unknown,Unknown,1,Not Applicable,Residential home/Neighborhood,Unknown,General Public,Unknown,Unknown,Unknown
302,Louisville,Kentucky,38.252665,-85.758456,3,0,3,2016-03-20,33,Male,White American or European American,Unknown,1,Suicide,Residential home/Neighborhood,Place of residency,Family,Unknown,Yes,Yes
303,Sherman,Texas,33.635662,-96.60888,3,0,3,2016-03-21,36,Male,White American or European American,Unknown,1,Suicide,Residential home/Neighborhood,Place of residency,Family,Unknown,Unknown,
304,Greenhill,Alabama,34.759257,-86.602493,1,2,3,2016-03-25,49,Male,White American or European American,Unknown,1,Suicide,Residential home/Neighborhood,Place of residency,Family,Unknown,Yes,Unknown
305,Albuquerque,New Mexico,35.085334,-106.605553,2,1,3,2016-04-01,58,Male,Asian American,Unknown,0,Suicide,Restaurant/Cafe,Place of Business/employment,Family,Unknown,Unknown,Unknown
306,Chicago,Illinois,41.878114,-87.629798,0,5,5,2016-04-07,Unknown,Unknown,Unknown,Unknown,0,Not Applicable,Street/Highway,Unknown,Unknown,Unknown,Unknown,Unknown
307,Albuquerque,New Mexico,35.085334,-106.605553,0,4,4,2016-04-09,19,Male,White American or European American,Handgun,0,Not applicable,Residential home/Neighborhood,Place of residency,General Public,Social dispute,Unknown,Unknown
308,Memphis,Tennessee,35.149534,-90.04898,0,4,4,2016-04-09,Unknown,Unknown,Unknown,Unknown,1,Not Applicable,Street/Highway,Unknown,Unknown,Unknown,Unknown,Unknown
309,Long Beach,California,33.77005,-118.193739,1,3,4,2016-04-18,Unknown,Unknown,Unknown,Unknown,0,Not Applicable,Street/Highway,Unknown,Unknown,Unknown,Unknown,Unknown
310,Chicago,Illinois,41.878114,-87.629798,1,4,5,2016-04-19,Unknown,Unknown,Unknown,Unknown,0,Not Applicable,Park/Wilderness,Unknown,Unknown,Unknown,Unknown,Unknown
311,Katy,Texas,29.785785,-95.824396,4,0,4,2016-04-19,37,Male,White American or European American,Unknown,0,Suicide,Residential Home/Neighborhood,Place of residency,Family,Unknown,Unknown,Unknown
312,Brooksville,Alabama,34.16204,-86.475543,0,4,4,2016-04-19,38,Male,White American or European American,Multiple guns,2,Killed,Street/Highway,Unknown,General Public,Unknown,Yes,Unknown
313,Baltimore,Maryland,39.290385,-76.612189,0,4,4,2016-04-21,20,Male,Black American or African American,handgun,1,Not Applicable,Residential Home/Neighborhood,Unknown,Social,Social Dispute,Unknown,Unknown
314,Halifax,Virginia,36.765971,-78.928344,0,6,6,2016-04-24,50,Male,Black American or African American,Unknown,0,Suicide,Residential home/Neighborhood,Place of residency,Family,Domestic Dispute,Unknown,
315,Forestville,Maryland,38.845113,-76.874972,1,4,5,2016-04-26,Unknown,Unknown,Unknown,Unknown,0,Not Applicable,Street/Highway,Unknown,Unknown,Unknown,Unknown,Unknown
316,Ferguson,Missouri,38.744217,-90.305391,0,4,4,2016-04-29,Unknown,Unknown,Unknown,Unknown,0,Not Applicable,Residential home/Neighborhood,Unknown,Unknown,Social Dispute,Unknown,Unknown