city,state,latitude,longitude,number_of_victim_fatalities,number_of_victims_injured,total_number_of_victims,date,shooter_age(s),shooter_sex,shooter_race,type_of_gun,total_number_of_guns,shooter_cause_of_death,place_type,relationship_to_incident_location,targeted_victims,possible_motive,history_of_mental_illness,military_experience
Austin,Texas,30.1988873,-97.84415949,16.0,32.0,48.0,1966-08-01,25,Male,White American or European American,Multiple guns,7,Killed,College/University/Adult education,Place of schooling,General public,Mental illness,Yes,Yes
Mesa,Arizona,33.42268696,-111.8163202,5.0,1.0,6.0,1966-11-12,18,Male,White American or European American,Handgun,1,Not applicable,College/University/Adult education,None,Students/Classmates/Teacher,Mental illness,Yes,Unknown
New Orleans,Louisiana,30.0687242,-89.93147412,9.0,13.0,22.0,2072-12-31,23,Male,Black American or African American,Multiple guns,2,Killed,Government facility,Local government,Government,Race,Yes,Unknown
Chicago,Illinois,41.83928045,-87.68818145,1.0,3.0,4.0,1974-01-17,14,Male,Unknown,Handgun,2,Not applicable,Primary school,Place of schooling,Students/Classmates/Teacher,Expulsion/Suspension,Yes,Unknown
Olean,New York,42.08185369,-78.43213922,3.0,7.0,10.0,1974-12-30,17,Male,White American or European American,Multiple guns,2,Not applicable,Secondary school,Place of schooling,General public,Mental illness,No,Unknown
Los Angeles,California,34.17622092,-118.5399542,1.0,7.0,8.0,1976-02-19,18,Male,White American or European American,Shotgun,1,Not applicable,College/University/Adult education,Place of schooling,Students/Classmates/Teacher,Social dispute,Unknown,Unknown
Fullerton,California,33.88404244,-117.92785,7.0,2.0,9.0,1976-07-12,37,Male,White American or European American,Rifle,1,Not applicable,College/University/Adult education,Place of business/employment,Colleague/Workmate/Business acquaintance,Mental illness,Yes,Unknown
San Diego,California,32.86357277,-117.1281628,2.0,9.0,11.0,1979-01-29,16,Female,White American or European American,Rifle,1,Not applicable,Primary school,Place of residency,Students/Classmates/Teacher,Mental illness,Yes,Unknown
Columbia,South Carolina,34.05098834,-80.82077527,2.0,5.0,7.0,1979-10-06,19,Male,Black American or African American,Handgun,1,Not applicable,College/University/Adult education,Place of schooling,Students/Classmates/Teacher,Unknown,Unknown,Unknown
Las Vegas,Nevada,36.18931923,-115.3264875,1.0,2.0,3.0,1982-03-19,17,Male,White American or European American,Handgun,1,Not applicable,Secondary school,Place of schooling,Students/Classmates/Teacher,Multiple motives,Yes,Unknown
Miami,Florida,25.79653943,-80.20840397,8.0,3.0,11.0,1982-08-20,51,Male,White American or European American,Shotgun,1,Killed,Retail/Wholesale/Services facility,Place of business/employment,Colleague/Workmate/Business acquaintance,Mental illness,Yes,Unknown
Seattle,Washington,47.62199575,-122.323646,13.0,1.0,14.0,1983-02-18,22/24/22,Male,Asian American,Handgun,2,Not applicable,Entertainment venue,Place of recreation,General public,Financial difficulties,Unknown,Unknown
Johnston,South Carolina,33.83272887,-81.8051584,1.0,3.0,4.0,1983-08-19,55,Male,White American or European American,Shotgun,1,Not applicable,Government facility,Place of business/employment,Colleague/Workmate/Business acquaintance,Multiple motives,Yes,Unknown
Los Angeles,California,34.17622092,-118.5399542,2.0,12.0,14.0,1984-02-24,28,Male,Black American or African American,Multiple guns,3,Suicide,Primary school,Place of residency,Students/Classmates/Teacher,Multiple motives,Yes,Unknown
Dallas,Texas,32.79480596,-96.76631094,6.0,1.0,7.0,1984-06-29,39,Male,White American or European American,Handgun,1,Not applicable,Entertainment venue,Place of recreation,Social,Social dispute,Yes,Unknown
San Ysidro,California,32.555556,-117.047656,21.0,19.0,40.0,1984-07-18,41,Male,White American or European American,Multiple guns,3,Killed,Restaurant/Cafe?,Place of recreation,General public,Multiple motives,Yes,Unknown
Goddard,Kansas,37.67129418,-97.55070476,1.0,3.0,4.0,1985-01-21,14,Male,White American or European American,Multiple guns,2,Not applicable,Primary school,Place of schooling,Students/Classmates/Teacher,Harassment,Yes,Unknown
Atlanta,Georgia,33.7629969,-84.4231328,2.0,1.0,3.0,1985-03-06,30,Male,Black American or African American,Handgun,1,Not applicable,Government facility,Place of business/employment,Colleague/Workmate/Business acquaintance,Mental illness,Yes,Unknown
Brooklyn,New York,40.679276,-73.939513,1.0,4.0,5.0,1986-08-12,29,Male,Black American or African American,Handgun,2,Not applicable,College/University/Adult education,Place of schooling,Students/Classmates/Teacherand Government,Mental illness,Yes,Unknown
Edmond,Oklahoma,35.66889223,-97.41438792,14.0,6.0,20.0,1986-08-20,44,Male,White American or European American,Handgun,3,Suicide,Government facility,Place of business/employment,Colleague/Workmate/Business acquaintance,Multiple motives,Yes,Unknown
Lewistown,Montana,47.03740653,-109.4844918,1.0,3.0,4.0,1986-12-04,14,Male,White American or European American,Handgun,1,Not applicable,Secondary school,Place of schooling,Students/Classmates/Teacher,Failure,Yes,Unknown
Palm Bay,Florida,27.98388983,-80.66662713,6.0,14.0,20.0,1987-04-23,59,Male,White American or European American,Multiple guns,3,Not applicable,Retail/Wholesale/Services facility,Place of residency,General public,Mental illness,Yes,Unknown
Pinellas Park,Florida,27.84887061,-82.71058,1.0,2.0,3.0,1988-02-11,15/16,Male,White American or European American,Multiple guns,2,Not applicable,Secondary school,Place of schooling,Students/Classmates/Teacher,Expulsion/Suspension,No,Unknown
Sunnyvale,California,37.38344257,-122.0256185,7.0,4.0,11.0,1988-02-16,39,Male,White American or European American,Multiple guns,7,Not applicable,Company/Factory/Office,Place of business/employment,Colleague/Workmate/Business acquaintance,Rejection,Yes,Unknown
Winnetka,Illinois,42.10648807,-87.74211141,1.0,7.0,8.0,1988-05-20,30,Female,White American or European American,Multiple guns,2,Suicide,Primary school,Place of residency,Students/Classmates/Teacher,Mental illness,Yes,Unknown
Chicago,Illinois,41.83928045,-87.68818145,4.0,2.0,6.0,1988-09-22,40,Male,Black American or African American,Handgun,1,Killed,Retail/ Wholesale/Services facilityand Primary school,Place of residency,General publicand Government,Mental illness,No,Yes
Greenwood,South Carolina,34.1928952,-82.15355508,2.0,9.0,11.0,1988-09-26,19,Male,White American or European American,Handgun,1,Not applicable,Primary school,Place of schooling,Students/Classmates/Teacher,Mental illness,Yes,Unknown
New Orleans,Louisiana,30.0687242,-89.93147412,0.0,4.0,4.0,1988-12-14,39,Male,Unknown,Shotgun,1,Not applicable,Government facility,Place of business/employment,Colleague/Workmate/Business acquaintance,Rejection,Unknown,Unknown
Stockton,California,37.96631812,-121.3018775,5.0,30.0,35.0,1989-01-17,24,Male,White American or European American,Multiple guns,2,Suicide,Primary school,Place of schooling,Students/Classmates/Teacher,Race,Yes,Unknown
Escondido,California,33.13439925,-117.0722528,3.0,1.0,4.0,1989-08-10,52,Male,White American or European American,Handgun,1,Suicide,Government facility,Place of business/employment,Colleague/Workmate/Business acquaintanceand Family,Unknown,No,Yes
Louisville,Kentucky,38.249432,-85.726243,8.0,12.0,20.0,1989-09-14,47,Male,White American or European American,Multiple guns,6,Suicide,Company/Factory/Office,Place of business/employment,Colleague/Workmate/Business acquaintance,Terminated/Denied/Reprimanded,Yes,Unknown
Jacksonville,Florida,30.33216122,-81.67576993,11.0,6.0,17.0,1990-06-17,42,Male,Black American or African American,Multiple guns,2,Suicide,Company/Factory/Office,Place of business/employment,General public,Financial dispute,No,Unknown
Iowa City,Iowa,41.65589405,-91.53117986,5.0,1.0,6.0,1991-11-01,28,Male,Asian American,Handgun,1,Suicide,College/University/Adult education,Place of schooling,Students/Classmates/Teacher,Failure,No,No
Ridgewood,New Jersey,40.98213277,-74.11264731,3.0,0.0,3.0,1991-10-10,35,Male,Black American or African American,Multiple guns,2,Not applicable,Government facility,Place of business/employment,Colleague/Workmate/Business acquaintance,Terminated/Denied/Reprimanded,Yes,Yes
Killeen,Texas,31.07925506,-97.73392317,23.0,20.0,43.0,1991-10-16,35,Male,White American or European American,Handgun,2,Suicide,Restaurant/Cafe?,Place of recreation,General public,Unknown,Yes,Yes
Royal Oak,Michigan,42.50840203,-83.15387427,4.0,5.0,9.0,1991-11-14,31,Male,White American or European American,Rifle,1,Suicide,Government facility,Place of business/employment,Colleague/Workmate/Business acquaintance,Terminated/Denied/Reprimanded,Yes,Yes
Olivehurst,California,39.08174985,-121.5549539,4.0,10.0,14.0,1992-05-01,20,Male,White American or European American,Multiple guns,2,Not applicable,Secondary school,Place of schooling,Students/Classmates/Teacher,Failure,Yes,No
Amarillo,Texas,35.18322484,-101.8805688,0.0,6.0,6.0,1992-09-11,17,Male,Unknown,Handgun,1,Not applicable,Secondary school,Place of schooling,Students/Classmates/Teacher,Social dispute,Unknown,Unknown
Watkins Glen,New York,42.38013875,-76.86724659,4.0,0.0,4.0,1992-10-15,50,Male,White American or European American,Handgun,1,Suicide,Government facility,Place of business/employment,Government,Financial dispute,No,Yes
Great Barrington,Massachusetts,42.19358268,-73.36216339,2.0,4.0,6.0,1992-12-14,18,Male,Asian American,Rifle,1,Not applicable,College/University/Adult education,Place of schooling,Students/Classmates/Teacher,Terminated/Denied/Reprimanded,No,Unknown
San Francisco,California,37.75457839,-122.4424343,8.0,6.0,14.0,1993-07-01,55,Male,White American or European American,Handgun,3,Suicide,Company/Factory/Office,Place of business/employment,Colleague/Workmate/Business acquaintance,Financial dispute,No,Unknown
Dearborn,Michigan,42.31269522,-83.21293244,1.0,2.0,3.0,1993-05-06,45,Male,Unknown,Multiple guns,2,Suicide,Government facility,Place of business/employment,Colleague/Workmate/Business acquaintance,Multiple motives,Unknown,Unknown
Dana Point,California,33.47316083,-117.696399,1.0,5.0,6.0,1993-05-06,38,Male,White American or European American,Handgun,1,Not applicable,Government facility,Place of business/employment,Colleague/Workmate/Business acquaintance,Multiple motives,Yes,Yes
Ogden,Utah,41.2281367,-111.9675317,0.0,3.0,3.0,1993-07-08,28,Male,Asian American,Handgun,1,Killed,College/University/Adult education,Place of schooling,Students/Classmates/Teacher,Expulsion/Suspension,No,Unknown
Fayetteville,North Carolina,35.07997086,-79.03796125,4.0,8.0,12.0,1993-08-06,22,Male,White American or European American,Multiple guns,3,Not applicable,Restaurant/Cafe?,Place of recreation,General public,Multiple motives,No,Yes
Sheridan,Wyoming,44.79051074,-106.9599165,0.0,4.0,4.0,1993-09-17,29,Male,White American or European American,Multiple guns,2,Suicide,Primary school,Place of residency,Students/Classmates/Teacher,Unknown,No,Yes
Garden City,New York,40.72662266,-73.644712,6.0,19.0,25.0,1993-12-07,34,Male,Black American or African American,Handgun,1,Not applicable,Public transportation,Place of residency,General public,Race,No,Unknown
Aurora,Colorado,39.69892933,-104.7871863,4.0,1.0,5.0,1993-12-14,19,Male,Black American or African American,Handgun,1,Not applicable,Restaurant/Cafe?,Place of business/employment,Colleague/Workmate/Business acquaintance,Terminated/Denied/Reprimanded,Yes,Unknown
Chelsea,Michigan,42.31319376,-84.01868108,1.0,2.0,3.0,1993-12-16,39,Male,White American or European American,Handgun,1,Not applicable,Secondary school,Place of business/employment,Students/Classmates/Teacher,Terminated/Denied/Reprimanded,Yes,Unknown
Union,Kentucky,38.95130818,-84.67066339,4.0,0.0,4.0,1994-05-26,17,Male,White American or European American,Handgun,1,Not applicable,Residential home/Neighborhood,Place of residency,Family,Terminated/Denied/Reprimanded,No,Unknown
Fairchild Air Force Base,Washington,47.618456,-117.644099,4.0,23.0,27.0,1994-06-20,20,Male,White American or European American,Rifle,1,Killed,Military facility,Place of business/employment,Colleague/Workmate/Business acquaintance,Terminated/Denied/Reprimanded,Yes,Yes
Wickliffe,Ohio,41.60713735,-81.46902046,1.0,3.0,4.0,1994-11-07,37,Male,White American or European American,Shotgun,1,Not applicable,Primary school,Place of schooling,Students/Classmates/Teacher,Mental illness,Yes,Unknown
Chapel Hill,North Carolina,35.92681467,-79.03850407,2.0,2.0,4.0,1995-01-26,26,Male,White American or European American,Rifle,1,Not applicable,Street/Highway,Place of residency,General public,Mental illness,Yes,Unknown
Montclair,New Jersey,40.826184,-74.20862,4.0,1.0,5.0,1995-03-21,29,Male,White American or European American,Handgun,1,Not applicable,Government facility,Place of business/employment,Colleague/Workmate/Business acquaintance,Financial difficulties,No,Unknown
Corpus Christi,Texas,27.73907518,-97.43073352,5.0,0.0,5.0,1995-04-03,28,Male,Unknown,Handgun,2,Suicide,Company/Factory/Office,Place of business/employment,Colleague/Workmate/Business acquaintance,Terminated/Denied/Reprimanded,No,Unknown
Lynnville,Tennessee,35.37810374,-87.00610559,2.0,1.0,3.0,1995-11-15,17,Male,White American or European American,Rifle,1,Not applicable,Secondary school,Place of schooling,Students/Classmates/Teacher,Multiple motives,Yes,Unknown
Moses Lake,Washington,47.12189424,-119.2750699,3.0,1.0,4.0,1996-02-02,14,Male,White American or European American,Multiple guns,3,Not applicable,Primary school,Place of schooling,Students/Classmates/Teacher,Multiple motives,Yes,Unknown
Fort Lauderdale,Florida,26.11737018,-80.14865708,6.0,0.0,6.0,1996-02-09,41,Male,Black American or African American,Handgun,1,Suicide,Government facility,Place of business/employment,Colleague/Workmate/Business acquaintance,Terminated/Denied/Reprimanded,No,Yes
San Diego,California,32.86357277,-117.1281628,3.0,0.0,3.0,1996-08-15,36,Male,White American or European American,Handgun,1,Not applicable,College/University/Adult education,Place of schooling,Students/Classmates/Teacher,Failure,No,Yes
Bethel,Alaska,60.79053882,-161.7927517,2.0,2.0,4.0,1997-02-19,16,Male,White American or European American,Shotgun,1,Not applicable,Secondary school,Place of schooling,Students/Classmates/Teacher,Harassment,Yes,Unknown
Aiken,South Carolina,33.47524551,-81.72595949,4.0,3.0,7.0,1997-09-15,43,Male,Black American or African American,Handgun,1,Not applicable,Company/Factory/Office,Place of business/employment,Colleague/Workmate/Business acquaintance,Terminated/Denied/Reprimanded,No,Unknown
Pearl,Mississippi,32.27492783,-90.09470655,2.0,7.0,9.0,1997-10-01,16,Male,White American or European American,Rifle,1,Not applicable,Secondary school,Place of schooling,Students/Classmates/Teacher,Social dispute,Yes,Unknown
West Paducah,Kentucky,37.08506,-88.74422,3.0,5.0,8.0,1997-12-01,14,Male,White American or European American,Multiple guns,3,Not applicable,Secondary school,Place of schooling,Students/Classmates/Teacher,Mental illness,Yes,Unknown
Milwaukee,Wisconsin,43.06420322,-87.96724385,1.0,2.0,3.0,1997-12-19,37,Male,Black American or African American,Handgun,1,Suicide,Government facility,Place of business/employment,Colleague/Workmate/Business acquaintance,Multiple motives,No,Yes
Orange,California,33.78935598,-117.820412,4.0,2.0,6.0,1997-12-18,41,Male,Some other race,Rifle,1,Killed,Company/Factory/Office,Place of business/employment,Colleague/Workmate/Business acquaintance,Terminated/Denied/Reprimanded,No,Unknown
Newington,Connecticut,41.68700845,-72.73083927,4.0,0.0,4.0,1998-03-06,35,Male,White American or European American,Handgun,1,Suicide,Company/Factory/Office,Place of business/employment,Colleague/Workmate/Business acquaintance,Terminated/Denied/Reprimanded,Yes,Unknown
Jonesboro,Arkansas,35.82083155,-90.67950058,5.0,10.0,15.0,1998-03-24,13/11,Male,White American or European American,Multiple guns,10,Not applicable,Primary school,Place of schooling,Students/Classmates/Teacher,Rejection,No,Unknown
Edinboro,Pennsylvania,41.87617136,-80.12459632,1.0,3.0,4.0,1998-04-24,14,Male,White American or European American,Handgun,1,Not applicable,Restaurant/Cafe?,Place of recreation,Students/Classmates/Teacher,Mental illness,Yes,Unknown
Springfield,Oregon,44.05489698,-123.0075562,4.0,25.0,29.0,1998-05-21,15,Male,White American or European American,Multiple guns,3,Not applicable,Secondary school,Place of schooling,Students/Classmates/Teacher,Mental illness,Yes,Unknown
Riverside,California,33.93814348,-117.3948409,0.0,6.0,6.0,1998-10-06,48,Male,Black American or African American,Handgun,1,Not applicable,Government facility,Local government,Government,Terminated/Denied/Reprimanded,No,Unknown
Littleton,Colorado,39.59358263,-105.0152112,13.0,24.0,37.0,1999-04-20,17/18,Male,White American or European American,Multiple guns,4,Suicide,Secondary school,Place of schooling,Students/Classmates/Teacher,Multiple motives,Yes,Unknown
Conyers,Georgia,33.66086267,-84.02688527,0.0,6.0,6.0,1999-05-20,15,Male,White American or European American,Multiple guns,2,Not applicable,Secondary school,Place of schooling,Students/Classmates/Teacher,Rejection,No,Unknown
Atlanta,Georgia,33.7629969,-84.4231328,9.0,12.0,21.0,1999-07-29,44,Male,White American or European American,Handgun,4,Suicide,Company/Factory/Office,Place of business/employment,Colleague/Workmate/Business acquaintance,Financial dispute,Yes,Unknown
Fort Worth,Texas,32.74802142,-97.31305148,7.0,7.0,14.0,1999-09-15,47,Male,White American or European American,Handgun,2,Suicide,Place of worship,Place of residency,Racial/Religious group,Political/Religious ideals,Yes,Unknown
Honolulu,Hawaii,21.309106,-157.844998,7.0,0.0,7.0,1999-11-02,40,Male,Asian American,Handgun,1,Not applicable,Company/Factory/Office,Place of business/employment,Colleague/Workmate/Business acquaintance,Multiple motives,Yes,Unknown
Fort Gibson,Oklahoma,35.77669911,-95.25996596,0.0,4.0,4.0,1999-12-06,13,Male,White American or European American,Handgun,1,Not applicable,Primary school,Place of schooling,Students/Classmates/Teacher,Unknown,No,Unknown
Tampa,Florida,27.99601861,-82.44503769,5.0,3.0,8.0,1999-12-30,36,Male,Some other race,Handgun,2,Not applicable,Retail/Wholesale/Services facility,Place of business/employment,Colleague/Workmate/Business acquaintance,Unknown,No,Unknown
Boston,Massachusetts,42.30904091,-71.10271358,7.0,0.0,7.0,2000-12-26,42,Male,Some other race,Multiple guns,3,Not applicable,Company/Factory/Office,Place of business/employment,Colleague/Workmate/Business acquaintance,Financial dispute,No,Yes
Melrose Park,Illinois,41.90289602,-87.8643021,5.0,4.0,9.0,2001-02-05,66,Male,Black American or African American,Multiple guns,4,Suicide,Company/Factory/Office,Place of business/employment,Colleague/Workmate/Business acquaintance,Terminated/Denied/Reprimanded,No,Unknown
San Diego,California,32.86357277,-117.1281628,2.0,13.0,15.0,2001-03-05,15,Male,White American or European American,Handgun,1,Not applicable,Secondary school,Place of schooling,Students/Classmates/Teacher,Harassment,No,Unknown
Grundy,Virginia,37.27537712,-82.09877234,3.0,3.0,6.0,2002-01-16,43,Male,Black American or African American,Handgun,1,Not applicable,College/University/Adult education,Place of schooling,Students/Classmates/Teacher,Failure,No,Unknown
Tucson,Arizona,32.15358905,-110.9677647,3.0,0.0,3.0,2002-10-28,41,Male,Some other race,Handgun,5,Suicide,College/University/Adult education,Place of schooling,Students/Classmates/Teacher,Failure,No,Unknown
Cleveland,Ohio,41.47657557,-81.68051502,1.0,2.0,3.0,2003-05-09,62,Male,Asian American,Handgun,2,Not applicable,College/University/Adult education,Place of schooling,Students/Classmates/Teacher,Legal dispute,No,Unknown
Meridian,Mississippi,32.38455246,-88.68967949,6.0,8.0,14.0,2003-07-08,48,Male,White American or European American,Multiple guns,2,Suicide,Company/Factory/Office,Place of business/employment,Colleague/Workmate/Business acquaintance,Multiple motives,No,Unknown
Chicago,Illinois,41.83928045,-87.68818145,6.0,0.0,6.0,2003-08-27,36,Male,Some other race,Handgun,1,Killed,Company/Factory/Office,Place of business/employment,Colleague/Workmate/Business acquaintance,Terminated/Denied/Reprimanded,No,Unknown
Birchwood,Wisconsin,45.65773714,-91.55077175,6.0,2.0,8.0,2004-11-21,36,Male,Asian American,Rifle,1,Not applicable,Park/Wildness,Place of recreation,Social,Social dispute,No,Yes
Columbus,Ohio,39.98861445,-82.98904135,4.0,7.0,11.0,2004-12-08,25,Male,White American or European American,Handgun,1,Killed,Entertainment venue,Place of recreation,General public,Multiple motives,Yes,Unknown
Brookfield,Wisconsin,43.06396691,-88.12299758,7.0,4.0,11.0,2005-03-12,44,Male,White American or European American,Handgun,1,Suicide,Place of worship,Place of residency,Racial/Religious group,Political/Religious ideals,No,Unknown
Red Lake,Minnesota,47.87067289,-95.00529009,9.0,5.0,14.0,2005-03-21,16,Male,Native American or Alaska Native,Multiple guns,3,Suicide,Secondary school,Place of schooling,Students/Classmates/Teacher,Expulsion/Suspension,Yes,Unknown
Goleta,California,34.43606107,-119.8593619,7.0,0.0,7.0,2006-01-30,44,Female,White American or European American,Handgun,1,Suicide,Government facility,Place of business/employment,Colleague/Workmate/Business acquaintance,Mental illness,Yes,Unknown
Seattle,Washington,47.62199575,-122.323646,6.0,2.0,8.0,2006-03-25,28,Male,White American or European American,Multiple guns,2,Suicide,Residential home/Neighborhood,Place of recreation,General public,Multiple motives,No,Unknown
Essex Junction,Vermont,44.49022039,-73.11400628,2.0,2.0,4.0,2006-08-24,26,Male,Black American or African American,Handgun,1,Not applicable,Residential home/Neighborhood,Place of residency,Romantic partner,Domestic dispute,Yes,Unknown
Hillsborough,North Carolina,36.04099857,-79.09701201,1.0,2.0,3.0,2006-08-30,18,Male,Some other race,Multiple guns,2,Not applicable,Secondary school,Place of schooling,Students/Classmates/Teacher,Mental illness,Yes,Unknown
Pittsburgh,Pennsylvania,40.43948548,-79.97631581,0.0,5.0,5.0,2006-09-17,18,Male,Black American or African American,Handgun,2,Not applicable,College/University/Adult education,Place of recreation,Students/Classmates/Teacher,Social dispute,Unknown,Unknown
Lancaster,Pennsylvania,40.04214385,-76.30100872,5.0,5.0,10.0,2006-10-02,32,Male,White American or European American,Multiple guns,3,Suicide,Primary school,None,Students/Classmates/Teacher,Multiple motives,Unknown,Unknown
Salt Lake City,Utah,40.77787404,-111.9312168,5.0,4.0,9.0,2007-02-12,18,Male,White American or European American,Multiple guns,2,Killed,Retail/ Wholesale/Services facility,Place of recreation,General public,Political/Religious ideals,Unknown,Unknown
Gresham,Oregon,45.50216511,-122.4412759,0.0,10.0,10.0,2007-04-10,15,Male,Some other race,Rifle,1,Not applicable,Secondary school,Place of schooling,Students/Classmates/Teacher,Multiple motives,No,Unknown
Blacksburg,Virginia,37.22995471,-80.42768677,32.0,17.0,49.0,2007-04-16,23,Male,Asian American,Handgun,2,Suicide,College/University/Adult education,Place of schooling,Students/Classmates/Teacher,Mental illness,Yes,Unknown
Crandon,Wisconsin,45.56871416,-88.89729022,6.0,1.0,7.0,2007-10-07,20,Male,White American or European American,Rifle,1,Suicide,Residential home/Neighborhood,Place of recreation,Social,Social dispute,No,Unknown
Cleveland,Ohio,41.47657557,-81.68051502,0.0,4.0,4.0,2007-10-11,14,Male,White American or European American,Handgun,2,Suicide,Secondary school,Place of schooling,Students/Classmates/Teacher,Expulsion/Suspension,Yes,Unknown
Saginaw,Michigan,43.41929117,-83.95032759,0.0,4.0,4.0,2007-10-25,15,Male,Black American or African American,Rifle,1,Not applicable,Primary school,Place of residency,Students/Classmates/Teacher,Social dispute,No,Unknown
Omaha,Nebraska,41.265922,-96.05381421,8.0,4.0,12.0,2007-12-05,19,Male,White American or European American,Rifle,1,Suicide,Retail/Wholesale/Services facility,Place of residency,General public,Mental illness,Yes,Unknown
Arvada,Colorado,39.81087474,-105.173715,4.0,5.0,9.0,2007-12-09,24,Male,White American or European American,Multiple guns,3,Suicide,Place of worship,Place of residency,Racial/Religious group,Political/Religious ideals,No,Unknown
Las Vegas,Nevada,36.18931923,-115.3264875,0.0,6.0,6.0,2007-12-11,18,Male,Black American or African American,Handgun,2,Not applicable,Street/Highway,Place of schooling,Students/Classmates/Teacher,Social dispute,No,Unknown
Carnation,Washington,47.64628742,-121.9088524,6.0,0.0,6.0,2007-12-24,29,Male/Female,White American or European American,Handgun,2,Not applicable,Residential home/Neighborhood,Place of residency,Family,Financial dispute,No,Unknown
Kirkwood,Missouri,38.57889169,-90.42023754,5.0,2.0,7.0,2008-02-07,52,Male,Black American or African American,Handgun,2,Killed,Government facility,Place of business/employment,Government,Legal dispute,No,Unknown
DeKalb,Illinois,41.93172129,-88.74814853,5.0,17.0,22.0,2008-02-14,27,Male,White American or European American,Multiple guns,4,Suicide,College/University/Adult education,Place of schooling,Students/Classmates/Teacher,Mental illness,Yes,Unknown
Henderson,Kentucky,37.84040411,-87.57853755,6.0,1.0,7.0,2008-06-25,25,Male,White American or European American,Handgun,1,Suicide,Company/Factory/Office,Place of business/employment,Colleague/Workmate/Business acquaintance,Terminated/Denied/Reprimanded,No,Unknown
Phoenix,Arizona,33.57145875,-112.0904854,0.0,3.0,3.0,2008-07-24,24,Male,Black American or African American,Handgun,1,Not applicable,College/University/Adult education,Place of schooling,Students/Classmates/Teacher,Harassment,No,Unknown
Conway,Arkansas,35.08130744,-92.43278275,2.0,1.0,3.0,2008-10-26,19/19/20/20,Male,Black American or African American,Handgun,1,Not applicable,College/University/Adult education,Place of residency,Students/Classmates/Teacher,Unknown,No,Unknown
Covina,California,34.09026669,-117.8819958,9.0,2.0,11.0,2008-12-24,45,Male,White American or European American,Handgun,4,Suicide,Residential home/Neighborhood,Place of residency,Family,Multiple motives,No,Unknown
Geneva,Alabama,31.04367594,-85.8763466,10.0,6.0,16.0,2009-03-10,28,Male,White American or European American,Multiple guns,4,Suicide,Residential home/Neighborhood and Street/Highway,Place of residency,Family,Legal dispute,No,Unknown
Santa Clara,California,37.36463172,-121.9679315,5.0,1.0,6.0,2009-03-29,42,Male,Asian American,Handgun,2,Suicide,Residential home/Neighborhood,Place of residency,Family,Domestic dispute,No,Unknown
Carthage,North Carolina,35.33985609,-79.41381725,8.0,2.0,10.0,2009-03-29,45,Male,White American or European American,Multiple guns,3,Not applicable,Medical/Care,Place of business/employment,Romantic partner,Multiple motives,Yes,Unknown
Binghamton,New York,42.10140103,-75.90922294,13.0,4.0,17.0,2009-04-03,41,Male,Asian American,Handgun,2,Suicide,College/University/Adult education,Place of schooling,Students/Classmates/Teacher,Mental illness,Yes,Unknown
Fort Hood,Texas,31.13814354,-97.77797804,13.0,32.0,45.0,2009-11-05,39,Male,White American or European American,Handgun,3,Not applicable,Military facility,Place of business/employment,Colleague/Workmate/Business acquaintance,Political/Religious ideals,Yes,Yes
Lakewood,Washington,47.16267579,-122.5296574,4.0,0.0,4.0,2009-11-29,37,Male,Black American or African American,Handgun,2,Killed,Restaurant/Cafe?,None,Government,Mental illness,Yes,Unknown
Huntsville,Alabama,34.72827538,-86.6723055,3.0,3.0,6.0,2010-02-12,44,Female,White American or European American,Handgun,1,Not applicable,College/University/Adult education,Place of business/employment,Colleague/Workmate/Business acquaintance,Terminated/Denied/Reprimanded,No,Unknown
Manchester,Connecticut,41.78013821,-72.51918655,8.0,2.0,10.0,2010-08-03,34,Male,Black American or African American,Handgun,2,Suicide,Company/Factory/Office,Place of business/employment,Colleague/Workmate/Business acquaintance,Terminated/Denied/Reprimanded,Unknown,Unknown
Tucson,Arizona,32.15358905,-110.9677647,6.0,13.0,19.0,2011-01-08,22,Male,White American or European American,Handgun,1,Not applicable,Retail/Wholesale/Services facility,None,Government,Multiple motives,Yes,Unknown
Youngstown,Ohio,41.09933958,-80.64631705,1.0,11.0,12.0,2011-02-06,19/22/19,Male,Black American or African American,Handgun,3,Not applicable,College/University/Adult education,Place of recreation,Social,Social dispute,Unknown,Unknown
Opelika,Alabama,32.66240106,-85.37706931,1.0,3.0,4.0,2011-04-06,34,Male,White American or European American,Handgun,1,Not applicable,College/University/Adult education,Place of schooling,Romantic partner,Domestic dispute,Yes,Unknown
Grand Rapids,Michigan,42.96920434,-85.66008902,7.0,2.0,9.0,2011-07-07,34,Male,Black American or African American,Handgun,1,Suicide,Residential home/Neighborhood,Place of residency,Romantic partner,Domestic dispute,Yes,Unknown
Carson City,Nevada,39.16464203,-119.7763025,4.0,7.0,11.0,2011-09-06,32,Male,Some other race,Rifle,1,Suicide,Restaurant/Cafe?,None,General public,Mental illness,Yes,Unknown
Seal Beach,California,33.75432632,-118.0715378,8.0,1.0,9.0,2011-10-12,41,Male,White American or European American,Handgun,3,Not applicable,Retail/Wholesale/Services facility,Place of business/employment,Romantic partner,Domestic dispute,Yes,Unknown
Norcross,Georgia,33.94104379,-84.20985979,4.0,0.0,4.0,2012-02-22,59,Male,Asian American,Handgun,1,Suicide,Retail/Wholesale/Services facility,Place of business/employment,Family,Financial dispute,Yes,Unknown
Chardon,Ohio,41.58025541,-81.20812625,3.0,3.0,6.0,2012-02-27,17,Male,White American or European American,Handgun,1,Not applicable,Secondary school,Place of schooling,Students/Classmates/Teacher,Unknown,Yes,Unknown
Oakland,California,37.79176806,-122.2153171,7.0,3.0,10.0,2012-04-02,43,Male,Asian American,Handgun,1,Not applicable,College/University/Adult education,Place of schooling,Students/Classmates/Teacher,Multiple motives,Yes,Unknown
Tulsa,Oklahoma,36.13543238,-95.91316117,3.0,2.0,5.0,2012-04-06,19/32,Male,White American or European American,Unknown,1,Not applicable,Street/Highway,None,Racial/Religious group,Race,No,Unknown
Seattle,Washington,47.62199575,-122.323646,5.0,1.0,6.0,2012-05-30,40,Male,White American or European American,Handgun,2,Suicide,Retail/Wholesale/Services facility,Place of business/employment,General public,Multiple motives,Yes,Yes
Auburn,Alabama,32.60598014,-85.48989253,3.0,3.0,6.0,2012-06-09,22,Male,Black American or African American,Handgun,1,Not applicable,Residential home/Neighborhood,Place of recreation,Social,Social dispute,Unknown,Unknown
Denver,Colorado,39.72941874,-104.9825207,12.0,58.0,70.0,2012-07-20,24,Male,White American or European American,Multiple guns,4,Not applicable,Entertainment venue,Place of recreation,General public,Multiple motives,Yes,Unknown
Oak Creek,Wisconsin,42.88027442,-87.90087079,6.0,4.0,10.0,2012-08-05,40,Male,White American or European American,Handgun,1,Suicide,Place of worship,None,Racial/Religious group,Multiple motives,No,Yes
Minneapolis,Minnesota,44.96358722,-93.26783687,6.0,2.0,8.0,2012-09-27,36,Male,White American or European American,Handgun,1,Suicide,Company/Factory/Office,Place of business/employment,Colleague/Workmate/Business acquaintance,Terminated/Denied/Reprimanded,Yes,Unknown
Miami,Florida,25.79653943,-80.20840397,0.0,15.0,15.0,2012-09-28,17,Male,Black American or African American,Handgun,2,Not applicable,Entertainment venue,Place of recreation,Students/Classmates/Teacher,Social dispute,Unknown,Unknown
Brookfield,Wisconsin,43.06396691,-88.12299758,3.0,4.0,7.0,2012-10-21,45,Male,Black American or African American,Handgun,1,Suicide,Retail/Wholesale/Services facility,Place of business/employment,Romantic partner,Domestic dispute,No,Yes
Happy Valley,Oregon,45.44853107,-122.5440133,2.0,1.0,3.0,2012-12-11,22,Male,Some other race,Rifle,1,Suicide,Retail/Wholesale/Services facility,Place of recreation,General public,Unknown,No,Unknown
Newtown,Connecticut,41.41190846,-73.31196267,27.0,2.0,29.0,2012-12-14,20,Male,White American or European American,Multiple guns,3,Suicide,Primary school,Place of schooling,Students/Classmates/Teacher,Unknown,Yes,Unknown
Albuquerque,New Mexico,35.15290522,-106.7791378,5.0,0.0,5.0,2013-01-19,15,Male,Some other race,Multiple guns,4,Not applicable,Residential home/Neighborhood,Place of residency,Family,Mental illness,Yes,Unknown
Phoenix,Arizona,33.57145875,-112.0904854,2.0,1.0,3.0,2013-01-30,70,Male,White American or European American,Multiple guns,3,Suicide,Company/Factory/Office,Place of business/employment,Colleague/Workmate/Business acquaintance,Legal dispute,Unknown,Unknown
Irvine,California,33.67803464,-117.773628,4.0,2.0,7.0,2013-02-03,33,Male,Black American or African American,Multiple guns,7,Not applicable,Residential home/Neighborhood,Place of business/employment,Colleague/Workmate/Business acquaintance,Terminated/Denied/Reprimanded,Yes,Yes
Ladera Ranch,California,33.54961059,-117.6415707,3.0,3.0,6.0,2013-02-19,20,Male,White American or European American,Shotgun,1,Suicide,Street/Highway,Place of residency,General public,Unknown,Yes,Unknown
Federal Way,Washington,47.30909721,-122.3357553,4.0,0.0,4.0,2013-04-21,27,Male,Black American or African American,Multiple guns,2,Killed,Residential home/Neighborhood,Place of residency,Romantic partner,Domestic dispute,Unknown,Unknown
Manchester,Illinois,39.54231335,-90.33029852,6.0,1.0,7.0,2013-04-24,43,Male,White American or European American,Multiple guns,2,Killed,Residential home/Neighborhood,Place of residency,Romantic partner,Domestic dispute,Unknown,Unknown
Santa Monica,California,34.02319149,-118.4815644,5.0,3.0,8.0,2013-06-07,23,Male,White American or European American,Multiple guns,2,Killed,Residential home/Neighborhood,Place of residency,Family,Mental illness,Yes,Unknown
Hialeah,Florida,25.85294547,-80.28316975,6.0,0.0,6.0,2013-07-26,42,Male,Some other race,Handgun,1,Killed,Residential home/Neighborhood,Place of residency,General public,Multiple motives,No,Unknown
Salisbury,Pennsylvania,39.75344279,-79.08435956,3.0,3.0,6.0,2013-08-05,59,Male,White American or European American,Multiple guns,2,Not applicable,Government facility,Local government,Government,Legal dispute,No,Unknown
Oklahoma City,Oklahoma,35.46779189,-97.5191631,4.0,0.0,4.0,2013-08-14,40,Male,White American or European American,Handgun,1,Not applicable,Residential home/Neighborhood,Place of residency,Family,Mental illness,Yes,Unknown
Washington,District of Columbia,38.90480894,-77.01629717,12.0,3.0,15.0,2013-09-16,34,Male,Black American or African American,Multiple guns,2,Killed,Military facility,Place of business/employment,Colleague/Workmate/Business acquaintance,Mental illness,Yes,Yes
Sparks,Nevada,39.54058388,-119.748291,1.0,2.0,3.0,2013-10-21,12,Male,Some other race,Handgun,1,Suicide,Primary school,Place of schooling,Students/Classmates/Teacher,Harassment,Unknown,Unknown
Spokane,Washington,47.67367375,-117.4159843,1.0,4.0,5.0,2071-11-11,21,Male,White American or European American,Rifle,1,Killed,Place of worship,None,General public,Political/Religious ideals,Yes,Unknown
Phoenix,Arizona,33.57145875,-112.0904854,9.0,0.0,9.0,1991-08-09,16/17,Male,Asian American/Some other race,Multiple guns,2,Not applicable,Place of worship,Place of residency,Racial/Religious group,Financial difficulties,No,Yes
Tyler,Texas,32.3154272,-95.30501087,2.0,4.0,6.0,2005-02-24,43,Male,Some other race,Rifle,1,Killed,Government facility,Local government,Family,Domestic dispute,Unknown,Unknown
Mohawk,New York,43.0104011,-75.0075119,4.0,2.0,6.0,2013-03-13,64,Male,White American or European American,Shotgun,1,Killed,Retail/Wholesale/Services facility,Place of residency,Colleague/Workmate/Business acquaintance,Financial dispute,No,Unknown
Los Angeles,California,34.17622092,-118.5399542,1.0,3.0,4.0,2013-11-01,23,Male,White American or European American,Rifle,1,Not applicable,Public transportation,None,Government,Political/Religious ideals,No,Unknown
Dallas,Texas,32.79480596,-96.76631094,4.0,4.0,8.0,2013-08-07,44,Male,Black American or African American,Handgun,1,Not applicable,Residential home/Neighborhood,Place of residency,Romantic partner,Domestic dispute,Unknown,Yes
Montgomery,Alabama,32.34729571,-86.26730242,3.0,5.0,8.0,2013-12-28,25,Male,Black American or African American,Handgun,2,Not applicable,Entertainment venue,Place of recreation,Social,Social dispute,No,Unknown
San Francisco,California,37.75457839,-122.4424343,0.0,8.0,8.0,2014-03-23,24/25,Male,Black American or African American,Handgun,1,Not applicable,Street/Highway,Place of recreation,General public,Social dispute,No,Unknown
Killeen,Texas,31.07925506,-97.73392317,3.0,16.0,19.0,2014-04-02,34,Male,Some other race,Handgun,1,Suicide,Military facility,Place of business/employment,Government,Mental illness,Yes,Yes
Kennesaw,Georgia,34.02529674,-84.61766831,0.0,6.0,6.0,2014-04-29,19,Male,White American or European American,Shotgun,1,Suicide,Company/Factory/Office,Place of business/employment,Colleague/Workmate/Business acquaintance,Unknown,No,Unknown
Isla Vista,California,34.4145857,-119.8581209,3.0,7.0,10.0,2014-05-23,22,Male,White American or European American,Handgun,3,Suicide,Residential home/Neighborhood,Place of residency,Social,Multiple motives,Yes,Unknown
Seattle,Washington,47.62199575,-122.323646,1.0,2.0,3.0,2014-06-05,26,Male,Some other race,Shotgun,1,Not applicable,College/University/Adult education,None,Students/Classmates/Teacher,Mental illness,Yes,Unknown
Las Vegas,Nevada,36.18931923,-115.3264875,3.0,0.0,3.0,2014-06-08,31/22,Male/Female,White American or European American,Multiple guns,2,Killed/Suicide,Retail/Wholesale/Services facility,None,Government,Political/Religious ideals,No,Unknown
New Orleans,Louisiana,30.0687242,-89.93147412,1.0,9.0,10.0,2014-06-29,20,Male,Two or more races,Handgun,2,Not applicable,Street/Highway,Place of recreation,Unknown,Social dispute,No,Unknown
Albuquerque,New Mexico,35.15290522,-106.7791378,1.0,3.0,4.0,2014-08-08,46,Male,Some other race,Handgun,1,Suicide,Retail/Wholesale/Services facility,None,Social,Social dispute,No,Unknown
Marysville,Washington,48.04802409,-122.1359622,4.0,1.0,5.0,2014-10-24,15,Male,Native American or Alaska Native,Handgun,1,Suicide,Secondary school,Place of schooling,Students/Classmates/Teacher,Rejection,No,Unknown
Tallahassee,Florida,30.4549394,-84.25264151,0.0,3.0,3.0,2014-11-19,31,Male,Black American or African American,Handgun,1,Killed,College/University/Adult education,Place of schooling,General public,Mental illness,Yes,Unknown
Alturas,California,41.4911123,-120.549091,4.0,2.0,6.0,2014-02-20,44,Female,Native American or Alaska Native,Handgun,1,Not applicable,Government facility,Local government,Family,Legal dispute,No,Unknown
Brookline,Massachusetts,42.32427392,-71.14080012,2.0,5.0,7.0,1994-12-30,22,Male,White American or European American,Rifle,1,Not applicable,Medical/Care,None,General public,Political/Religious ideals,Yes,Unknown
Birmingham,Alabama,33.5282865,-86.79550448,5.0,0.0,5.0,2012-01-29,17/16/16,Male,Black American or African American,Handgun,3,Not applicable,Residential home/Neighborhood,None,General public,Unknown,No,Unknown
"Pennsburg, Souderton, Lansdale, Harleysville",Pennsylvania,40.39359306,-75.49640881,6.0,1.0,7.0,2014-12-15,35,Male,White American or European American,Handgun,2,Suicide,Residential home/Neighborhood,Place of residency,Family,Multiple motives,Yes,Yes
Memphis,Tennessee,35.10528976,-89.97734924,0.0,5.0,5.0,2015-01-01,32/24,Male,Black American or African American,Unknown,2,Not applicable,Public transportation,None,General public,Social dispute,No,Unknown
Moscow,Idaho,46.73059479,-116.9990042,3.0,1.0,4.0,2015-01-10,29,Male,Asian American,Handgun,1,Not applicable,Residential home/Neighborhood,Place of residency,Family/Social,Unknown,No,Unknown
New York City,New York,40.68996411,-73.8720502,3.0,1.0,4.0,2015-01-24,34,Male,Black American or African American,Handgun,1,Suicide,Residential home/Neighborhood,Place of residency,Family,Domestic dispute,No,Unknown
LaGrange,Georgia,33.03607062,-85.0287065,5.0,0.0,5.0,2015-01-28,26,Male,White American or European American,Handgun,1,Not applicable,Residential home/Neighborhood,Place of residency,Family,Unknown,No,Unknown
Omaha,Nebraska,41.265922,-96.05381421,3.0,5.0,8.0,2015-01-24,32+ Unknown,Male,Black American or African American,Unknown,2,Not applicable,Street/Highway,Unknown,Unknown,Unknown,No,Unknown
Chapel Hill,North Carolina,35.92681467,-79.03850407,3.0,0.0,3.0,2015-02-10,46,Male,White American or European American,Handgun,1,Not applicable,Residential home/Neighborhood,Place of residency,Racial/Religious groupand Social,Multiple motives,No,Unknown
Monroeville,Pennsylvania,40.4257455,-79.76092565,0.0,3.0,3.0,2015-02-07,17,Male,Black American or African American,Handgun,1,Not applicable,Retail/Wholesale/Services facility,Place of recreation,Social,Social dispute,No,Unknown
New Port Richey,Florida,28.24653304,-82.71690259,3.0,1.0,4.0,2015-02-09,26/38,Male/Female,White American or European American/Some other Race,Unknown,2,Not applicable,Residential home/Neighborhood,Unknown,Unknown,Drug use,No,Unknown
Tyrone,Missouri,37.204442,-91.876583,7.0,1.0,8.0,2015-02-26,36,Male,White American or European American,Handgun,1,Suicide,Residential home/Neighborhood,Place of residency,Family/Social,Unknown,No,Unknown
Morgantown,West Virginia,39.63400851,-79.94839325,4.0,0.0,4.0,2014-12-01,39,Male,White American or European American,Handgun,1,Suicide,Residential home/Neighborhood,Place of residency,Social,Social dispute,No,Unknown
Douglasville,Georgia,33.71059292,-84.71564276,4.0,2.0,6.0,2015-02-07,33,Male,Black American or African American,Handgun,1,Suicide,Residential home/Neighborhood,Place of residency,Family,Financial dispute,No,Unknown
Syracuse,New York,43.04093416,-76.14376763,0.0,6.0,6.0,2015-02-01,22,Male,Black American or African American,Handgun,1,Not applicable,Entertainment venue,Place of recreation,Social,Rejection,No,Unknown
Clarkesville,Georgia,34.61025711,-83.52918091,2.0,2.0,4.0,2015-02-22,41,Male,White American or European American,Handgun,1,Killed,Residential home/Neighborhood,Place of residency,Family,Domestic dispute,No,Yes
Killeen,Texas,31.07925506,-97.73392317,3.0,1.0,4.0,2015-02-22,30,Male,Black American or African American,Unknown,0,Suicide,Residential home/Neighborhood,Place of residency,Family,Domestic dispute,No,Yes
Charlotte,North Carolina,35.226354,-80.836788,3.0,0.0,3.0,2015-02-24,19,Male,Some other race,Unknown,0,Not applicable,Residential home/Neighborhood,Place of residency,Social,Drug use,No,Unknown
Birmingham,Alabama,33.5282865,-86.79550448,1.0,2.0,3.0,2015-02-27,17/19,Male,Black American or African American,Handgun,2,Not applicable,Park/Wildness,Place of recreation,Social,Social dispute,No,Unknown
Tarboro,North Carolina,35.90434471,-77.55639964,3.0,0.0,3.0,2015-02-28,40,Male,Black American or African American,Unknown,1,Killed,Retail/Wholesale/Services facility/Residential home/Neighborhood,Place of business/employmentPlace of residency,Social,Unknown,Yes,Unknown
Brookhaven,Mississippi,31.58036482,-90.44323475,2.0,3.0,5.0,2015-03-13,32,Male,Black American or African American,Handgun,1,Not applicable,Residential home/Neighborhood,Place of residency,Social,Social dispute,Unknown,Unknown
Cottonwood,Alabama,31.0549687,-85.30100084,2.0,1.0,3.0,2015-03-15,45,Male,White American or European American,Rifle,1,Suicide,Residential home/Neighborhood,Place of residency,Family,Domestic dispute,No,Unknown
Mesa,Arizona,33.42268696,-111.8163202,1.0,5.0,6.0,2015-03-18,41,Male,White American or European American,Unknown,0,Not applicable,Residential home/Neighborhood,Place of residency,Social,Drug use/Financial difficulties,No,Unknown
Little Water,New Mexico,36.44329,-108.723281,1.0,2.0,3.0,2015-03-19,24,Male,Unknown,Rifle,1,Killed,Street/Highway,None,Government,Domestic dispute,Unknown,Unknown
Panama City Beach,Florida,30.22540212,-85.87371301,0.0,7.0,7.0,2015-03-28,22,Male,Black American or African American,Handgun,1,Not applicable,Residential home/Neighborhood,Place of recreation,General public,Social dispute,No,Unknown
Tulsa,Oklahoma,36.13543238,-95.91316117,3.0,0.0,3.0,2015-03-30,42,Male,Asian American,Handgun,1,Suicide,Residential home/Neighborhood,Place of residency,Family,Unknown,Unknown,Unknown
Daytona Beach,Florida,29.19313443,-81.10173014,0.0,4.0,4.0,2015-04-03,23,Male,Black American or African American,Handgun,1,Not applicable,Residential home/Neighborhood,Place of recreation,Students/Classmates/Teacher,Rejection,No,Unknown
Indianapolis,Indiana,39.77725479,-86.14635359,0.0,5.0,5.0,2015-04-05,2 more /24,Male,Unknown,Unknown,0,Not applicable,Residential home/Neighborhood,Place of residency,Social,Drug use/Financial difficulties,No,Unknown
Rome,Georgia,34.26779152,-85.18822422,1.0,3.0,4.0,2015-04-07,28/1 more,Male,Black American or African American,Handgun,1,Not applicable,Residential home/Neighborhood,Place of residency,General public,Financial difficulties,No,Unknown
Phoenix,Arizona,33.57145875,-112.0904854,4.0,0.0,4.0,2015-04-16,50,Male,Some other race,Handgun,1,Suicide,Residential home/Neighborhood,Place of residency,Family,Domestic dispute,Unknown,Unknown
Killeen,Texas,31.07925506,-97.73392317,2.0,3.0,5.0,2015-04-21,35,Male,Black American or African American,Unknown,0,Not applicable,Residential home/Neighborhood,Place of residency,Social,Unknown,Unknown,Unknown
Gates,New York,43.15693027,-77.69300856,1.0,6.0,7.0,2015-04-25,31,Male,Black American or African American,Handgun,1,Not applicable,Restaurant/Cafe?,Place of recreation,Social,Unknown,Unknown,Unknown
Milwaukee,Wisconsin,43.06420322,-87.96724385,2.0,3.0,5.0,2015-05-01,24,Male,Unknown,Unknown,0,Not applicable,Residential home/Neighborhood,Place of residency,Family,Domestic dispute,No,Unknown
Menasha,Wisconsin,44.20455909,-88.4484585,3.0,1.0,4.0,2015-05-03,27,Male,Unknown,Handgun,2,Suicide,Park/Wildness,Place of recreation,General public,Domestic dispute,Yes,Yes
Tucson,Arizona,32.15358905,-110.9677647,4.0,0.0,4.0,2015-05-12,25,Male,Unknown,Unknown,1,Suicide,Residential home/Neighborhood,Place of residency,Family,Mental illness,Yes,Unknown
Decatur,Illinois,39.85566372,-88.93346458,1.0,4.0,5.0,2015-05-25,18,Male,Black American or African American,Unknown,0,Not applicable,Entertainment venue,Place of recreation,Social/General public,Unknown,Unknown,Unknown
Cleveland,Ohio,41.47657557,-81.68051502,2.0,1.0,3.0,2015-05-31,30,Male,Unknown,Handgun,1,Suicide,Residential home/Neighborhood,Place of residency,"Romantic partner, and her family",Domestic dispute,Unknown,Unknown
Conyers,Georgia,33.66086267,-84.02688527,2.0,2.0,4.0,2015-05-31,36,Male,White American or European American,Multiple guns,2,Killed,Retail/Wholesale/Services facility/Residential home/Neighborhood,Place of business/employmentPlace of residency,Family/General public,Unknown,Unknown,Unknown
Deer Lodge,Montana,46.39761858,-112.7329333,4.0,0.0,4.0,2015-06-07,59,Male,White American or European American,Handgun,1,Suicide,Residential home/Neighborhood,Place of residency,Family,Domestic dispute,Unknown,Unknown
Charleston,South Carolina,32.8129729,-79.96693995,9.0,0.0,9.0,2015-06-17,21,Male,White American or European American,Handgun,1,Not applicable,Place of worship,None,Racial/Religious group,Race,Unknown,Unknown
Morven,North Carolina,34.86379864,-79.9996781,0.0,4.0,4.0,2015-06-20,22/42,Male,Black American or African American/Unknown,Multiple guns,0,Not applicable,Entertainment venue,Place of recreation,General public,Unknown,Unknown,Unknown
Newark,New Jersey,40.73169648,-74.18417699,1.0,3.0,4.0,2015-05-10,19/16,Male,Black American or African American,Unknown,0,Not applicable,Street/Highway,Place of recreation,General public,Social dispute,Unknown,Unknown
Miami Gardens,Florida,25.94326707,-80.24253243,0.0,4.0,4.0,2015-06-16,21,Male,Black American or African American,Unknown,1,Not applicable,Residential home/Neighborhood,Place of recreation,Social,Social dispute,Unknown,Unknown
River Forest,Illinois,41.89499946,-87.81941392,1.0,3.0,4.0,2015-07-12,24,Male,Unknown,Shotgun,1,Killed,Residential home/Neighborhood,Place of residency,Family/Government,Unknown,Unknown,Unknown
Chattanooga,Tennessee,35.09318123,-85.23676751,4.0,3.0,7.0,2015-07-16,24,Male,White American or European American,Multiple guns,2,Killed,Military facility,None,Government,Unknown,Yes,Unknown
Suwanee,Georgia,34.05057545,-84.06872262,3.0,1.0,4.0,2015-07-22,32,Male,White American or European American,Unknown,1,Suicide,Residential home/Neighborhood,Place of residency,Family,Domestic dispute,Unknown,Unknown
Lafayette,Louisiana,30.21233538,-92.0316453,2.0,9.0,11.0,2015-07-23,59,Male,White American or European American,Handgun,1,Suicide,Entertainment venue,Place of recreation,General public,Gender,Yes,Unknown
Houston,Texas,29.79705548,-95.36763856,8.0,0.0,8.0,2015-08-08,48,Male,Black American or African American,Handgun,1,Not applicable,Residential home/Neighborhood,Place of residency,Former domestic partner and her family,Domestic dispute,Unknown,Unknown
Rochester,New York,43.1696837,-77.614337,3.0,4.0,7.0,2015-08-19,2120,Male,Black American or African American,Rifle,1,Not applicable,Street/Highway,Place of recreation,General public,Unknown,Unknown,Unknown
Roanoke,Virginia,37.27823366,-79.95816104,2.0,1.0,3.0,2015-08-26,41,Male,Black American or African American,Handgun,1,Suicide,Retail/Wholesale/Services facility,Place of business/employment,Colleague/Workmate/Business acquaintance,Multiple motives,Unknown,Unknown
Bristol,Tennessee,36.55605824,-82.21429551,3.0,1.0,4.0,2015-08-29,19,Male,White American or European American,Rifle,1,Not applicable,Residential home/Neighborhood,Place of residency,Family,Unknown,Unknown,Yes
Clearbrook,Minnesota,47.69618799,-95.42844094,4.0,0.0,4.0,2015-09-10,45,Male,White American or European American,Shotgun,1,Suicide,Residential home/Neighborhood,Residential home/Neighborhood,Family,Multiple motives,Yes,Unknown
Platte,South Dakota,43.38682722,-98.84357239,5.0,0.0,5.0,2015-09-17,41,Male,White American or European American,Shotgun,1,Suicide,Residential home/Neighborhood,Residential home/Neighborhood,Family,Financial difficulties,Unknown,Unknown
Roseburg,Oregon,43.22205555,-123.3522367,9.0,7.0,16.0,2015-10-01,26,Male,Two or more races,Multiple guns,6,Suicide,College/University/Adult education,Place of schooling,Students/Classmates/Teacher,Unknown,Unknown,Yes
Flagstaff,Arizona,35.1725658,-111.6585435,1.0,3.0,4.0,2015-10-09,18,Male,White American or European American,Handgun,1,Not applicable,College/University/Adult education,Place of schooling,Students/Classmates/Teacher,Unknown,Unknown,Unknown
King,North Carolina,36.27617912,-80.35501402,3.0,0.0,3.0,2015-02-04,35,Male,White American or European American,Handgun,1,Suicide,Residential home/Neighborhood,Place of residency,Family,Domestic dispute,Unknown,Unknown
Greenville,Georgia,33.02912644,-84.7143335,0.0,10.0,10.0,2015-09-27,2220,Male,Black American or African American,Multiple guns,2,Not applicable,Entertainment venue,Place of recreation,Social,Financial dispute,Unknown,Unknown
Township of Colerain,Ohio,39.253268,-84.599655,2.0,1.0,3.0,2015-10-21,21,Male,White American or European American,Handgun,1,Not applicable,Residential home/Neighborhood,Place of residency,Family,Domestic dispute,Unknown,Unknown
Colorado Springs,Colorado,38.86730659,-104.7572279,3.0,0.0,3.0,2015-10-31,33,Male,White American or European American,Multiple guns,3,Killed,Street/Highway,None,General public,Unknown,Unknown,Unknown
Oakland,Maine,44.54994725,-69.70782299,3.0,0.0,3.0,2015-11-04,42,Male,Unknown,Handgun,1,Suicide,Residential home/Neighborhood,Place of residency,Romantic partner and Family,Unknown,Unknown,Unknown
Inglis,Florida,29.03270634,-82.65919302,2.0,1.0,3.0,2015-10-01,57,Male,White American or European American,Unknown,2,Suicide,Residential home/Neighborhood,Place of residency,Family,Terminated/Denied/Reprimanded,Unknown,Unknown
Waycross,Georgia,31.21094544,-82.35793452,1.0,2.0,3.0,2015-11-07,30,Male,Black American or African American,Unknown,0,Not applicable,Residential home/Neighborhood,Place of residency,Romantic partner and Family,Unknown,Yes,Yes
Jacksonville,Florida,30.33216122,-81.67576993,3.0,1.0,4.0,2015-11-13,28,Male,Black American or African American,Unknown,1,Suicide,Residential home/Neighborhood,Place of residency,Family,Domestic dispute,Unknown,Yes
Tennessee Colony,Texas,31.8076,-95.8069,6.0,0.0,6.0,2015-11-15,33,Male,White American or European American,Unknown,1,Not applicable,Park/Wildness,Place of recreation,None,Unknown,Unknown,Unknown
Columbus,Ohio,39.98861445,-82.98904135,3.0,1.0,4.0,2015-11-23,50,Male,White American or European American,Handgun,1,Killed,Residential home/Neighborhood,Place of residency,Social,Unknown,Unknown,Unknown
Minneapolis,Minnesota,44.96358722,-93.26783687,0.0,5.0,5.0,2015-11-23,26212327,Male,White American or European American,Unknown,0,Not applicable,Street/Highway,None,Racial/Religious group,Race,Unknown,Unknown
Colorado Springs,Colorado,38.86730659,-104.7572279,3.0,9.0,12.0,2015-11-27,57,Male,White American or European American,Rifle,1,Not applicable,Medical/Care,None,General public,Political/Religious ideals,Unknown,Unknown
San Bernardino,California,34.13973446,-117.2942444,14.0,21.0,35.0,2015-12-02,2827,Male/Female,Asian American,Multiple guns,4,Killed,Medical/Care,Place of recreation,Colleague/Workmate/Business acquaintance,Political/Religious ideals,Unknown,Unknown
Omaha,Nebraska,41.3138,-96.0814,2.0,3.0,5.0,2015-12-06,23,Male,Black American or African American,Unknown,1,Not applicable,Residential home/Neighborhood,Place of residency,Romantic partner,Unknown,Unknown,Unknown
Chesapeake,Virginia,36.7921,-76.3293,5.0,0.0,5.0,2016-01-27,26,Male,White American or European American,Handgun,1,Suicide,Residential home/Neighborhood,Place of residency,Family,Unknown,Yes,Unknown
Orlando,Florida,28.4541,-81.4646,2.0,10.0,12.0,2016-02-07,23,Male,Some other race,Handgun,1,Not applicable,Entertainment venue,Place of recreation,General public,Social dispute,Unknown,Unknown
Iuka,Mississippi,34.7404,-88.1383,1.0,3.0,4.0,2016-02-20,45,Male,White American or European American,Rifle,1,Killed,Residential home/Neighborhood,Place of residency,Government,Domestic dispute,Unknown,Unknown
Kalamazoo,Michigan,42.2354,-85.676,6.0,2.0,8.0,2016-02-20,45,Male,White American or European American,Handgun,1,Not applicable,"Residential home/Neighborhood,Retail/ Wholesale/Services facility",None,General public,Unknown,Unknown,Unknown
Glendale,Arizona,33.5927,-112.163,4.0,0.0,4.0,2016-02-23,26,Male,Two or more races,Unknown,1,Not applicable,Residential home/Neighborhood,Place of residency,Family,Unknown,Yes,Unknown
Hesston,Kansas,38.1368,-97.4268,3.0,14.0,17.0,2016-02-25,38,Male,Black American or African American,Multiple guns,2,Not applicable,Company/Factory/Office,Place of business/employment,Colleague/Workmate/Business acquaintance,Unknown,Unknown,Unknown
Belfair,Washington,47.5033,-122.931,4.0,0.0,4.0,2016-02-26,51,Male,White American or European American,Handgun,1,Suicide,Residential home/Neighborhood,Place of residency,Family,Unknown,Unknown,Unknown
Woodbridge,Virginia,38.6697,-77.3524,2.0,2.0,4.0,2016-02-27,32,Male,Black American or African American,Rifle,1,Not applicable,Residential home/Neighborhood,Place of residency,"Family, Government",Domestic dispute,Unknown,Yes
Chelsea,Massachusetts,42.391764,-71.032828,1.0,6.0,7.0,2016-03-06,16,Male,Unknown,Unknown,1,Not applicable,Residential home/Neighborhood,Place of recreation,Unknown,Unknown,Unknown,Unknown
Kansas City,Kansas,39.114053,-94.627464,5.0,0.0,5.0,2016-03-07,40,Male,Some other race,Rifle,1,Not applicable,Residential home/Neighborhood,Place of residency,Social,Unknown,Unknown,Unknown
Pittsburgh,Pennsylvania,40.440625,-79.995886,6.0,3.0,9.0,2016-03-09,Unknown,Male,Unknown,Multiple guns,2,Not applicable,Residential home/Neighborhood,Place of recreation,Unknown,Unknown,Unknown,Unknown
Plantation,Florida,26.127586,-80.233104,1.0,4.0,5.0,2016-03-19,Unknown,Unknown,Unknown,Unknown,0,Not applicable,Residential home/Neighborhood,Place of recreation,Unknown,Unknown,Unknown,Unknown
Louisville,Kentucky,38.252665,-85.758456,3.0,0.0,3.0,2016-03-20,33,Male,White American or European American,Unknown,0,Suicide,Residential home/Neighborhood,Place of residency,Family,Unknown,Unknown,Yes
Sherman,Texas,33.635662,-96.60888,3.0,0.0,3.0,2016-03-21,36,Male,Unknown,Unknown,0,Suicide,Residential home/Neighborhood,Place of residency,Family,Unknown,Unknown,Unknown
Lawrenceburg,Tennessee,35.242302,-87.334739,1.0,2.0,3.0,2016-03-25,49,Male,Unknown,Shotgun,1,Suicide,Residential home/Neighborhood,Place of residency,Family,Unknown,Unknown,Unknown
Louisburg,North Carolina,36.099039,-78.301106,3.0,0.0,3.0,2016-03-26,Unknown,Male,Black American or African American,Unknown,0,Not applicable,Residential home/Neighborhood,Place of residency,Unknown,Unknown,Unknown,Unknown
Richmond,Virginia,37.540725,-77.436048,1.0,2.0,3.0,2016-03-31,34,Male,Black American or African American,Handgun,1,Killed,Public transportation,None,Government,Unknown,Unknown,Unknown
Lakeland,Florida,28.039465,-81.949804,3.0,1.0,4.0,2016-01-06,35/26,Male,Black American or African American,Unknown,0,Not Applicable,Residential home/Neighborhood,Place of business/employment,Unknown,Drug use,Unknown,Unknown
Memphis,Tennessee,35.149534,-90.04898,1.0,3.0,4.0,2016-01-07,Unknown,Unknown,Unknown,Unknown,0,Not Applicable,Street/Highway,None,Unknown,Unknown,Unknown,Unknown
Wilmington,Delaware,39.739072,-75.539788,0.0,4.0,5.0,2016-01-11,20/21,Male,Black American or African American,Unknown,0,Killed,Residential home/Neighborhood,Unknown,,Robbery,Unknown,Unknown
Ware Neck,Virginia,37.40264,-76.458559,1.0,3.0,4.0,2016-01-17,18,Male,Black American or African American,Unknown,0,Not Applicable,Residential home/Neighborhood,Place of residency,Social,Unknown,Unknown,Unknown
Crestview,Florida,30.754181,-86.572799,3.0,0.0,3.0,2016-01-23,22,Male,White American or European American,Unknown,0,Not applicable,Residential home/Neighborhood,Place of residency,Family,Multiple motives,Unknown,No
Los Angeles,California,34.052234,-118.243685,2.0,2.0,4.0,2016-01-23,Unknown,Unknown,Unknown,Rifle,0,Not applicable,Street/Highway,Unknown,Unknown,Unknown,Unknown,Unknown
Perris,California,33.782519,-117.228648,1.0,4.0,5.0,2016-01-25,Unknown,Male,Unknown,Unknown,0,Not applicable,Restaurant/Cafe,Unknown,Unknown,Unknown,Unknown,Unknown
Chesapeake,Virginia,36.768209,-76.287493,5.0,0.0,5.0,2016-01-27,26,Male,White American or European American,handgun,1,Suicide,Residential home/Neighborhood,Place of Residency,Family,Unknown,Unknown,Unknown
Caroline,Virginia,38.044556,-77.286488,1.0,2.0,3.0,2016-01-29,42,Male,Unknown,Unknown,0,Suicide,Residential home/Neighborhood,Place of Residency,Family,Domestic Dispute,Unknown,Unknown
Glendale,Arizona,33.538652,-112.185987,3.0,5.0,8.0,2016-01-30,Unknown,Male,Unknown,Unknown,0,Not applicable,Residential home/Neighborhood,,Social,Social Dispute,Unknown,Unknown
New Orleans,Louisiana,29.951066,-90.071532,0.0,3.0,3.0,2016-01-31,30,Male,Black American or African American,Unknown,1,Not Applicable,Street/Highway,None,Unknown,Social Dispute,Unknown,Unknown
Tampa,Florida,27.950575,-82.457178,2.0,6.0,8.0,2016-02-06,Unknown,Unknown,Unknown,Unknown,0,Not Applicable,Entertainment Venue,Unknown,Unknown,Social Dispute,Unknown,Unknown
Los Angeles,California,34.052234,-118.243685,1.0,3.0,4.0,2016-02-06,Unknown,Unknown,Unknown,Unknown,0,Not Applicable,Street/Highway,Unknown,Unknown,Unknown,Unknown,Unknown
Uvalde,Texas,29.209684,-99.786168,3.0,0.0,3.0,2016-02-06,19,Male,White American or European American,Unknown,0,Suicide,Residential home/Neighborhood,Place of Residency,Family,Unknown,Unknown,Unknown
Rochester ,New York,43.16103,-77.610922,1.0,7.0,8.0,2016-02-07,Unknown,Unknown,Unknown,Unknown,0,Not Applicable,Entertainment Venue,Unknown,Unknown,Social Dispute,Unknown,Unknown
Muskegon Heights,Michigan,43.201126,-86.238946,0.0,3.0,3.0,2016-02-09,21,Male,Black American or African American,Handgun,1,Not Applicable,Secondary School,Unknown,Unknown,Social Dispute,Unknown,Unknown
Vallejo,California,38.104086,-122.256637,2.0,2.0,4.0,2016-02-19,Unknown,Unknown,Unknown,Unknown,0,Not Applicable,Street/Highway,Unknown,Unknown,Unknown,Unknown,
Tampa,Florida,27.950575,-82.457178,1.0,3.0,4.0,2016-02-20,Unknown,Unknown,Unknown,Unknown,0,Not Applicable,Entertainment Venue,Unknown,Unknown,Social Dispute,Unknown,Unknown
Kalamazoo ,Michigan,42.291707,-85.587229,6.0,2.0,8.0,2016-02-20,45,Male,White American or European American,Multiple Guns,2,Not Applicable,Street/Highway,None,General Public,Unknown,No,Unknown
Hazelwood,Missouri,38.77144,-90.370949,1.0,3.0,4.0,2016-02-21,"20,20,21,24",Male,Black American or African American,Unknown,0,Not Applicable,Street/Highway,Unknown,Romantic Partner,Social Dispute,Unknown,Unknown
Houston,Texas,29.760427,-95.369803,0.0,5.0,5.0,2016-02-21,Unknown,Unknown,Unknown,Unknown,0,Not Applicable,Street/Highway,Unknown,General Public,Unknown,Unknown,Unknown
Phoenix,Arizona,33.448377,-112.074037,4.0,0.0,4.0,2016-02-23,26,Male,White American or European American,Unknown,1,Killed,Residential home/Neighborhood,Place of residency,Family,Unknown,Unknown,Unknown
Belfair,Washington,47.451459,-122.826946,4.0,0.0,4.0,2016-02-25,51,Male,White American or European American,Handgun,1,Suicide,Residential home/Neighborhood,Place of residency,Family,Unknown,Unknown,Unknown
Detroit,Michigan,42.331427,-83.045754,0.0,5.0,5.0,2016-02-28,Unknown,Male,Black American or African American,Handgun,1,Not Applicable,Entertainment Venue,Unknown,Unknown,Social dispute,Unknown,Unknown
Jurupa Valley,California,33.997197,-117.48548,1.0,3.0,4.0,2016-02-28,24,Male,Some other race,Unknown,1,Not Applicable,Restaurant/cafe,Unknown,Unknown,Unknown,Unknown,Unknown
Wichita,Kansas,37.687176,-97.330053,0.0,4.0,4.0,2016-03-05,Unknown,Unknown,Unknown,Unknown,0,Not Applicable,Entertainment Venue,Unknown,Unknown,Unknown,Unknown,Unknown
Chelsea,Massachusetts,42.391764,-71.032828,1.0,6.0,7.0,2016-03-06,16,Male,Some other race,Unknown,1,Not Applicable,Residential home/Neighborhood,Unknown,Social,Unknown,Unknown,Unknown
Roswell,Georgia,34.023243,-84.361556,0.0,4.0,4.0,2016-03-06,39,Male,Black American or African American,Unknown,1,Not Applicable,Entertainment Venue,Unknown,General Public,,Unknown,
Lafayette,Louisiana,30.22409,-92.019843,0.0,4.0,4.0,2016-03-07,Unknown,Unknown,Unknown,Unknown,0,Not Applicable,Street/Highway,Unknown,Unknown,Unknown,Unknown,Unknown
Kansas City,Kansas,39.114053,-94.627464,4.0,0.0,4.0,2016-03-07,40,Male,Some other race,Rifle,1,Not Applicable,Residential home/Neighborhood,Place of Residency,General Public,Unknown,Unknown,Unknown
Wilkinsburg,Pennsylvania,40.441736,-79.881994,5.0,3.0,8.0,2016-03-09,Unknown,Male,Unknown,Multiple Guns,2,Not Applicable,Residential home/Neighborhood,Unknown,Unknown,Unknown,Unknown,Unknown
Trenton,New Jersey,40.217053,-74.742938,0.0,5.0,5.0,2016-03-11,Unknown,Unknown,Unknown,Handgun,1,Not Applicable,Street/Highway,Unknown,General Public,Unknown,Unknown,Unknown
Detroit,Michigan,42.331427,-83.045754,2.0,2.0,4.0,2016-03-11,Unknown,Unknown,Unknown,Multiple Guns,2,Not Applicable,Residential home/Neighborhood,Unknown,Unknown,Unknown,Unknown,Unknown
Elberton,Georgia,34.111223,-82.867084,1.0,2.0,3.0,2016-03-12,49,Male,Unknown,Unknown,0,Suicide,Residential home/Neighborhood,Place of residency,Romantic Partner,Domestic Dispute,Unknown,
Fort Myers,Florida,26.640628,-81.872308,0.0,4.0,4.0,2016-03-13,Unknown,Unknown,Unknown,Unknown,0,Not Applicable,Park/Wilderness,Unknown,Unknown,Unknown,Unknown,Unknown
Atlanta,Georgia,33.748995,-84.387982,0.0,4.0,4.0,2016-03-15,Unknown,Unknown,Unknown,Multiple Guns,0,Not Applicable,Entertainment Venue,Unknown,General Public,Social dispute,Unknown,Unknown
Wetumpka,Alabama,32.543745,-86.211913,2.0,2.0,4.0,2016-03-19,32,Male,Black American or African American,Handgun,1,Not Applicable,Street/Highway,Unknown,Family,Unknown,Unknown,
Plantation,Florida,26.127586,-80.233104,1.0,4.0,5.0,2016-03-19,Unknown,Unknown,Unknown,Unknown,1,Not Applicable,Residential home/Neighborhood,Unknown,General Public,Unknown,Unknown,Unknown
Louisville,Kentucky,38.252665,-85.758456,3.0,0.0,3.0,2016-03-20,33,Male,White American or European American,Unknown,1,Suicide,Residential home/Neighborhood,Place of residency,Family,Unknown,Yes,Yes
Sherman,Texas,33.635662,-96.60888,3.0,0.0,3.0,2016-03-21,36,Male,White American or European American,Unknown,1,Suicide,Residential home/Neighborhood,Place of residency,Family,Unknown,Unknown,
Greenhill,Alabama,34.759257,-86.602493,1.0,2.0,3.0,2016-03-25,49,Male,White American or European American,Unknown,1,Suicide,Residential home/Neighborhood,Place of residency,Family,Unknown,Yes,Unknown
Albuquerque,New Mexico,35.085334,-106.605553,2.0,1.0,3.0,2016-04-01,58,Male,Asian American,Unknown,0,Suicide,Restaurant/Cafe,Place of Business/employment,Family,Unknown,Unknown,Unknown
Chicago,Illinois,41.878114,-87.629798,0.0,5.0,5.0,2016-04-07,Unknown,Unknown,Unknown,Unknown,0,Not Applicable,Street/Highway,Unknown,Unknown,Unknown,Unknown,Unknown
Albuquerque,New Mexico,35.085334,-106.605553,0.0,4.0,4.0,2016-04-09,19,Male,White American or European American,Handgun,0,Not applicable,Residential home/Neighborhood,Place of residency,General Public,Social dispute,Unknown,Unknown
Memphis,Tennessee,35.149534,-90.04898,0.0,4.0,4.0,2016-04-09,Unknown,Unknown,Unknown,Unknown,1,Not Applicable,Street/Highway,Unknown,Unknown,Unknown,Unknown,Unknown
Long Beach,California,33.77005,-118.193739,1.0,3.0,4.0,2016-04-18,Unknown,Unknown,Unknown,Unknown,0,Not Applicable,Street/Highway,Unknown,Unknown,Unknown,Unknown,Unknown
Chicago,Illinois,41.878114,-87.629798,1.0,4.0,5.0,2016-04-19,Unknown,Unknown,Unknown,Unknown,0,Not Applicable,Park/Wilderness,Unknown,Unknown,Unknown,Unknown,Unknown
Katy,Texas,29.785785,-95.824396,4.0,0.0,4.0,2016-04-19,37,Male,White American or European American,Unknown,0,Suicide,Residential Home/Neighborhood,Place of residency,Family,Unknown,Unknown,Unknown
Brooksville,Alabama,34.16204,-86.475543,0.0,4.0,4.0,2016-04-19,38,Male,White American or European American,Multiple guns,2,Killed,Street/Highway,Unknown,General Public,Unknown,Yes,Unknown
Baltimore,Maryland,39.290385,-76.612189,0.0,4.0,4.0,2016-04-21,20,Male,Black American or African American,handgun,1,Not Applicable,Residential Home/Neighborhood,Unknown,Social,Social Dispute,Unknown,Unknown
Halifax,Virginia,36.765971,-78.928344,0.0,6.0,6.0,2016-04-24,50,Male,Black American or African American,Unknown,0,Suicide,Residential home/Neighborhood,Place of residency,Family,Domestic Dispute,Unknown,
Forestville,Maryland,38.845113,-76.874972,1.0,4.0,5.0,2016-04-26,Unknown,Unknown,Unknown,Unknown,0,Not Applicable,Street/Highway,Unknown,Unknown,Unknown,Unknown,Unknown
Ferguson,Missouri,38.744217,-90.305391,0.0,4.0,4.0,2016-04-29,Unknown,Unknown,Unknown,Unknown,0,Not Applicable,Residential home/Neighborhood,Unknown,Unknown,Social Dispute,Unknown,Unknown
